1,2Some 200 mg/500 mg Tablet,Ofloxacin (200mg) + Ornidazole (500mg)
2,4 ON 4mg Tablet MD,Ondansetron (4mg)
4,4D Kit,Isoniazid (300mg) + Rifampicin (450mg) + Ethambutol (800mg) + Pyrazinamide (750mg)
5,A Flox OZ 200 mg/500 mg Tablet,Ofloxacin (200mg) + Ornidazole (500mg)
6,A Flox OZ 200mg/500mg Tablet,Ofloxacin (200mg) + Ornidazole (500mg)
7,Aam SD 1000mg Tablet,Secnidazole (1000mg)
8,Abanor Plus Tablet,Pregabalin (75mg) + Nortriptyline (10mg) + Methylcobalamin (1500mcg)
9,AB-Cef 200mg Tablet,Cefixime (200mg)
10,Abiof OZ 200mg/500mg Tablet,Ofloxacin (200mg) + Ornidazole (500mg)
11,Acflox OZ 200 mg/500 mg Tablet,Ofloxacin (200mg) + Ornidazole (500mg)
12,Acidose 500mg Tablet,Sodium Bicarbonate (500mg)
14,Acipox 400mg Tablet DT,Acyclovir (400mg)
15,Acirimpi 450mg Capsule,Rifampicin (450mg)
16,Acispas 20mg/325mg Tablet,Dicyclomine (20mg) + Paracetamol (325mg)
18,Acivex 400mg Tablet DT,Acyclovir (400mg)
19,Acivir 400 DT Tablet,Acyclovir (400mg)
20,Acloriv 400mg Tablet DT,Acyclovir (400mg)
21,Aclovir 400mg Tablet DT,Acyclovir (400mg)
22,Acoflox OZ 200 mg/500 mg Tablet,Ofloxacin (200mg) + Ornidazole (500mg)
23,Actoflox OR 200mg/500mg Tablet,Ofloxacin (200mg) + Ornidazole (500mg)
24,Acuclav 625 Tablet,Amoxycillin (500mg) + Clavulanic Acid (125mg)
25,Acuflo OZ 200mg/500mg Tablet,Ofloxacin (200mg) + Ornidazole (500mg)
26,Acvirax 400mg Tablet DT,Acyclovir (400mg)
27,Acylin 400 Tablet DT,Acyclovir (400mg)
28,AD 100mg Capsule,Racecadotril(100mg)
30,AD 30mg Sachet,Racecadotril (30mg)
32,AD 30mg Tablet DT,Racecadotril (30mg)
34,Adilip 135 Tablet DR,Choline fenofibrate (135mg)
35,Adnurve SR Tablet,Pregabalin (75mg) + Nortriptyline (10mg) + Methylcobalamin (1500mcg)
36,Adopin AT 5mg/50mg Tablet,Amlodipine (5mg) + Atenolol (50mg)
38,Advent 625 Tablet,Amoxycillin (500mg) + Clavulanic Acid (125mg)
39,Afb 4 Kit,Isoniazid (300mg) + Rifampicin (450mg) + Ethambutol (800mg) + Pyrazinamide (750mg)
40,Agroflox OZ 200 mg/500 mg Tablet,Ofloxacin (200mg) + Ornidazole (500mg)
41,Aiflox OZ 200mg/500mg Tablet,Ofloxacin (200mg) + Ornidazole (500mg)
42,Aitnicob NT 75mg/10mg/1500mcg Tablet,Pregabalin (75mg) + Nortriptyline (10mg) + Methylcobalamin (1500mcg)
43,Akt 4 Kit,Isoniazid (300mg) + Rifampicin (450mg) + Ethambutol (800mg) + Pyrazinamide (750mg)
44,Alacforte 120Million spores Tablet,Lactobacillus (120Million spores)
46,Albadin 5mg Tablet,Ivabradine (5mg)
47,Albotil Tablet,Amlodipine (5mg) + Atenolol (50mg)
49,Aldactone Plus 50mg/10mg Tablet,Spironolactone (50mg) + Torasemide (10mg)
51,Aldactone T 10 Tablet,Spironolactone (50mg) + Torasemide (10mg)
53,Aldezol 400mg Tablet,Metronidazole (400mg)
54,Aldosmin 500mg Tablet,Diosmin (450mg) + Hesperidin (50mg)
55,Alinflox-OZ Tablet,Ofloxacin (200mg) + Ornidazole (500mg)
56,Almod AT 5mg/50mg Tablet,Amlodipine (5mg) + Atenolol (50mg)
58,Alof OZ Tablet,Ofloxacin (200mg) + Ornidazole (500mg)
59,Alphasan-Trio Tablet,Pregabalin (75mg) + Nortriptyline (10mg) + Methylcobalamin (1500mcg)
60,Altoma 5mg/50mg Tablet,Amlodipine (5mg) + Atenolol (50mg)
62,Ambiform 1000mg Tablet,Secnidazole (1000mg)
63,AMBROCARD-AT 5MG/50MG TABLET,Amlodipine (5mg) + Atenolol (50mg)
65,Amcard-AT Tablet,Amlodipine (5mg) + Atenolol (50mg)
67,Amclue 500 mg/125 mg Tablet,Amoxycillin (500mg) + Clavulanic Acid (125mg)
68,Amdepin-AT Tablet,Amlodipine (5mg) + Atenolol (50mg)
70,Amdine AT Tablet,Amlodipine (5mg) + Atenolol (50mg)
72,Amdiron AT 5mg/50mg Tablet,Amlodipine (5mg) + Atenolol (50mg)
74,Amfag-AT Tablet,Amlodipine (5mg) + Atenolol (50mg)
76,Amicline Tablet,Diloxanide (500mg)
78,AMINOL 5MG/50MG TABLET,Amlodipine (5mg) + Atenolol (50mg)
80,Amitab 1000mg Tablet,Secnidazole (1000mg)
81,Amleto AT 5mg/50mg Tablet,Amlodipine (5mg) + Atenolol (50mg)
83,Amlion-HT Tablet,Amlodipine (5mg) + Atenolol (50mg)
85,Amlip AT Tablet,Amlodipine (5mg) + Atenolol (50mg)
87,Amloallit-AT Tablet,Amlodipine (5mg) + Atenolol (50mg)
89,Amlocas-AT 5mg/50mg Tablet,Amlodipine (5mg) + Atenolol (50mg)
91,Amloday AT Tablet,Amlodipine (5mg) + Atenolol (50mg)
93,Amlodpin AT 5mg/50mg Tablet,Amlodipine (5mg) + Atenolol (50mg)
95,Amlodus AT 5 mg/50 mg Tablet,Amlodipine (5mg) + Atenolol (50mg)
97,Amlogud-AT Tablet,Amlodipine (5mg) + Atenolol (50mg)
99,Amlojack AT 5mg/50mg Tablet,Amlodipine (5mg) + Atenolol (50mg)
101,Amlokath A 5 mg/50 mg Tablet,Amlodipine (5mg) + Atenolol (50mg)
103,Amlokind-AT Tablet,Amlodipine (5mg) + Atenolol (50mg)
105,Amlolight AT 5mg/50mg Tablet,Amlodipine (5mg) + Atenolol (50mg)
107,Amlomed AT 5 mg/50 mg Tablet,Amlodipine (5mg) + Atenolol (50mg)
109,Amlomin AT 5mg/50mg Tablet,Amlodipine (5mg) + Atenolol (50mg)
111,Amlonet AT 5mg/50mg Tablet,Amlodipine (5mg) + Atenolol (50mg)
113,Amlong-A Tablet,Amlodipine (5mg) + Atenolol (50mg)
115,Amlonite A 5mg/50mg Tablet,Amlodipine (5mg) + Atenolol (50mg)
117,Amlonova 5mg/50mg Tablet,Amlodipine (5mg) + Atenolol (50mg)
119,Amlopen AT 5 mg/50 mg Tablet,Amlodipine (5mg) + Atenolol (50mg)
121,Amlopin-AT Tablet,Amlodipine (5mg) + Atenolol (50mg)
123,Amlopres-AT Tablet,Amlodipine (5mg) + Atenolol (50mg)
125,Amloque-AT Tablet,Amlodipine (5mg) + Atenolol (50mg)
127,Amlorace AT 5mg/50mg Tablet,Amlodipine (5mg) + Atenolol (50mg)
129,Amlosafe-AT Tablet,Amlodipine (5mg) + Atenolol (50mg)
131,Amlossil AT 5mg/50mg Tablet,Amlodipine (5mg) + Atenolol (50mg)
133,Amlosung AT 5mg/50mg Tablet,Amlodipine (5mg) + Atenolol (50mg)
135,Amlosure AT 5mg/50mg Tablet,Amlodipine (5mg) + Atenolol (50mg)
137,Amlotec-AT 5mg/50mg Tablet,Amlodipine (5mg) + Atenolol (50mg)
139,Amlovas-AT Tablet,Amlodipine (5mg) + Atenolol (50mg)
141,Amlovel AT 5mg/50mg Tablet,Amlodipine (5mg) + Atenolol (50mg)
143,Amlowell-AT Tablet,Amlodipine (5mg) + Atenolol (50mg)
145,Amlowik AT 5mg/50mg Tablet,Amlodipine (5mg) + Atenolol (50mg)
147,Amlowik AT Tablet,Amlodipine (5mg) + Atenolol (50mg)
149,Amloz AT Tablet,Amlodipine (5mg) + Atenolol (50mg)
151,Amnip A 5mg/50mg Tablet,Amlodipine (5mg) + Atenolol (50mg)
153,Amnol 5 mg/50 mg Tablet,Amlodipine (5mg) + Atenolol (50mg)
155,Amnol AT 5mg/50mg Tablet,Amlodipine (5mg) + Atenolol (50mg)
157,Amodep AT Tablet,Amlodipine (5mg) + Atenolol (50mg)
159,Amoline-AT Tablet,Amlodipine (5mg) + Atenolol (50mg)
161,Amone AT 5mg/50mg Tablet,Amlodipine (5mg) + Atenolol (50mg)
163,Ampilox CV 500 mg/125 mg Tablet,Amoxycillin (500mg) + Clavulanic Acid (125mg)
164,Amrap AT 5 mg/50 mg Tablet,Amlodipine (5mg) + Atenolol (50mg)
166,Amsort-AT Tablet,Amlodipine (5mg) + Atenolol (50mg)
168,AM-T Tablet,Amlodipine (5mg) + Atenolol (50mg)
170,Amtas-AT Tablet,Amlodipine (5mg) + Atenolol (50mg)
172,AMTEK-AT 5MG/50MG TABLET,Amlodipine (5mg) + Atenolol (50mg)
174,Anchek AT 5mg/50mg Tablet,Amlodipine (5mg) + Atenolol (50mg)
176,Ancifoc Oral Suspension Sugar Free,Magaldrate (400mg/5ml) + Simethicone (60mg/5ml)
178,Andoset-MD Tablet,Ondansetron (4mg)
180,Angeocare Plus Tablet,Amlodipine (5mg) + Atenolol (50mg)
182,Angicam-Beta Tablet,Amlodipine (5mg) + Atenolol (50mg)
184,Anginita 2.6 Tablet CR,Nitroglycerin (2.6mg)
185,Angiplat 2.5 Capsule TR,Nitroglycerin (2.5mg)
186,Angistat 2.5 Capsule TR,Nitroglycerin (2.5mg)
187,Angivex 2.6 SR Tablet,Nitroglycerin (2.6mg)
188,Anglit 2.6 Tablet CR,Nitroglycerin (2.6mg)
189,Angopin E AT 5mg/50mg Tablet,Amlodipine (5mg) + Atenolol (50mg)
191,Aniflox 500mg Tablet,Ciprofloxacin (500mg)
192,Anmixin 400mg Tablet,Rifaximin (400mg)
193,Anogyl 400mg Tablet,Metronidazole (400mg)
194,Anticox 4 Kit,Isoniazid (300mg) + Rifampicin (450mg) + Ethambutol (800mg) + Pyrazinamide (750mg)
195,Antiflu 75mg Capsule,Oseltamivir Phosphate (75mg)
196,Aoxin OZ 200 mg/500 mg Tablet,Ofloxacin (200mg) + Ornidazole (500mg)
197,Apcil 500 mg/125 mg Tablet,Amoxycillin (500mg) + Clavulanic Acid (125mg)
198,Apidra 100IU Cartridge,Insulin Glulisine (100IU)
200,Apidra 100IU/ml Solution for Injection,Insulin Glulisine (100IU)
202,Apidra Solostar 100IU/ml Injection,Insulin Glulisine (100IU/ml)
204,Apidra Solostar 300IU/ml Injection,Insulin Glulisine (300IU)
206,Apin AT 5mg/50mg Tablet,Amlodipine (5mg) + Atenolol (50mg)
208,Apxmin 400 Tablet,Rifaximin (400mg)
209,Arbitel-AV Tablet,Telmisartan (40mg) + Atorvastatin (10mg)
211,Arbitel-MT 50 Tablet ER,Telmisartan (40mg) + Metoprolol Succinate (50mg)
213,Aristogyl 400 Tablet,Metronidazole (400mg)
214,Arixamin 400mg Tablet,Rifaximin (400mg)
215,Arvast 10 Tablet,Rosuvastatin (10mg)
216,Asert 200mg Tablet,Cefixime (200mg)
217,Asterin 10 Tablet,Rosuvastatin (10mg)
218,AT M 5 mg/50 mg Tablet,Amlodipine (5mg) + Atenolol (50mg)
220,Atakare 5 mg/50 mg Tablet,Amlodipine (5mg) + Atenolol (50mg)
222,Atchol-F Tablet,Atorvastatin (10mg) + Fenofibrate (160mg)
223,Atecard-AM Tablet,Amlodipine (5mg) + Atenolol (50mg)
225,ATEMLO 5MG/50MG TABLET,Amlodipine (5mg) + Atenolol (50mg)
227,Aten AM Tablet,Amlodipine (5mg) + Atenolol (50mg)
229,Atflox OZ 200 mg/500 mg Tablet,Ofloxacin (200mg) + Ornidazole (500mg)
230,Athoxin OZ 200 mg/500 mg Tablet,Ofloxacin (200mg) + Ornidazole (500mg)
231,Atipin 5mg/50mg Tablet,Amlodipine (5mg) + Atenolol (50mg)
233,Atol AM Tablet,Amlodipine (5mg) + Atenolol (50mg)
235,Atorfen 10 Tablet,Atorvastatin (10mg) + Fenofibrate (160mg)
236,Atormac TG Tablet,Atorvastatin (10mg) + Fenofibrate (160mg)
237,Atorsave F Tablet,Atorvastatin (10mg) + Fenofibrate (160mg)
238,Atorva TG Tablet,Atorvastatin (10mg) + Fenofibrate (160mg)
239,Atpine Tablet,Amlodipine (5mg) + Atenolol (50mg)
241,Atwin AM 5 mg/50 mg Tablet,Amlodipine (5mg) + Atenolol (50mg)
243,Augmentin 625 Duo Tablet,Amoxycillin (500mg) + Clavulanic Acid (125mg)
244,Augpen 625 BID Tablet,Amoxycillin (500mg) + Clavulanic Acid (125mg)
245,Aurcin OZ Tablet,Ofloxacin (200mg) + Ornidazole (500mg)
246,Auxime 200mg Tablet,Cefixime (200mg)
247,Auxisoda Tablet,Sodium Bicarbonate (500mg)
249,Aviflox OZ 200mg/500mg Tablet,Ofloxacin (200mg) + Ornidazole (500mg)
250,Avir 400mg Tablet DT,Acyclovir (400mg)
251,Avspas Plus 20mg/325mg Tablet,Dicyclomine (20mg) + Paracetamol (325mg)
253,Axiflam 20mg/325mg Tablet,Dicyclomine (20mg) + Paracetamol (325mg)
255,Axilone OZ Tablet,Ofloxacin (200mg) + Ornidazole (500mg)
256,Axinerve-NP Tablet,Pregabalin (75mg) + Nortriptyline (10mg) + Methylcobalamin (1500mcg)
257,Axroz 10mg Tablet,Rosuvastatin (10mg)
258,Azmarda 50mg Tablet,Sacubitril (24mg) + Valsartan (26mg)
260,Azomag-O Oral Gel Sugar Free,Oxetacaine (10mg/5ml) + Aluminium Hydroxide (0.291gm/5ml) + Milk Of Magnesia (98mg/5ml)
262,Bacip 500mg Tablet,Ciprofloxacin (500mg)
263,Bactoclav 625 Tablet,Amoxycillin (500mg) + Clavulanic Acid (125mg)
264,Bactorax OZ 200mg/500mg Tablet,Ofloxacin (200mg) + Ornidazole (500mg)
265,Bakolip 10mg Tablet,Rosuvastatin (10mg)
266,Balgyl 400mg Tablet,Metronidazole (400mg)
267,Baralgan NU Tablet,Dicyclomine (20mg) + Paracetamol (500mg)
269,Basaglar 100 Units/ml Cartridge,Insulin Glargine (3.64IU/ml)
271,Basaglar 100IU/ml Kwikpen,Insulin Glargine (100IU/ml)
273,Basalog 100IU/ml Injection,Insulin Glargine (100IU/ml)
279,Basalog 100IU/ml Refill Cartridge,Insulin Glargine (100IU/ml)
281,Basalog One 100IU/ml Injection,Insulin Glargine (100IU)
286,Basugine 100IU/ml Injection,Insulin Glargine (100IU)
290,Batorax 400mg Tablet,Rifaximin (400mg)
291,Baxspas 20mg/500mg Tablet,Dicyclomine (20mg) + Paracetamol (500mg)
293,Beat HF 5 Tablet,Ivabradine (5mg)
294,Benzon OZ 200 mg/500 mg Tablet,Ofloxacin (200mg) + Ornidazole (500mg)
295,Besartan M 40mg/50mg Tablet ER,Telmisartan (40mg) + Metoprolol Succinate (50mg)
297,Bestopas 20mg/325mg Tablet,Dicyclomine (20mg) + Paracetamol (325mg)
299,Bestor 10 Tablet,Rosuvastatin (10mg)
300,Betacid Oxe Oral Suspension,Magaldrate (540mg/5ml) + Simethicone (50mg/5ml) + Oxetacaine (10mg/5ml)
302,Betamato Plus 5mg/50mg Tablet,Amlodipine (5mg) + Atenolol (50mg)
304,Biclopen CV Tablet,Amoxycillin (500mg) + Clavulanic Acid (125mg)
305,Bicox 600mg/300mg Tablet,Rifampicin (600mg) + Isoniazid (300mg)
306,Biglac-R Sachet,Racecadotril (15mg) + Saccharomyces boulardii (2.5Billion Spores) + Lactobacillus (100Million spores)
308,Bigomet SR 500 Tablet,Metformin (500mg)
311,Bigtel M 40mg/50mg Tablet ER,Telmisartan (40mg) + Metoprolol Succinate (50mg)
313,Bilclav 500 mg/125 mg Tablet,Amoxycillin (500mg) + Clavulanic Acid (125mg)
314,Biogab Forte 75mg/10mg/1500mcg Tablet,Pregabalin (75mg) + Nortriptyline (10mg) + Methylcobalamin (1500mcg)
315,Bioglyc 2.6 Tablet CR,Nitroglycerin (2.6mg)
316,Biotax-O 200 CD Tablet,Cefixime (200mg)
317,Biozora Powder Orange and Vanilla Gluten Free,Saccharomyces boulardii (282.5mg)
319,Bivir Tablet DT,Acyclovir (400mg)
320,Boxyclav Tablet,Amoxycillin (500mg) + Clavulanic Acid (125mg)
321,BP Cura 5mg/50mg Tablet,Amlodipine (5mg) + Atenolol (50mg)
323,Bptel Beta 40mg/50mg Tablet ER,Telmisartan (40mg) + Metoprolol Succinate (50mg)
325,Bradia 5 Tablet,Ivabradine (5mg)
326,Bradinita 5mg Tablet,Ivabradine (5mg)
327,Brakke Tablet,Ofloxacin (200mg) + Ornidazole (500mg)
328,Branefit NT 75mg/10mg/1500mcg Tablet,Pregabalin (75mg) + Nortriptyline (10mg) + Methylcobalamin (1500mcg)
329,Breetel AT Tablet,Telmisartan (40mg) + Atorvastatin (10mg)
331,Broadbact OZ 200 mg/500 mg Tablet,Ofloxacin (200mg) + Ornidazole (500mg)
332,Byspas 20mg/325mg Tablet,Dicyclomine (20mg) + Paracetamol (325mg)
334,C Card A 5mg/50mg Tablet,Amlodipine (5mg) + Atenolol (50mg)
336,C Flox 500mg Tablet,Ciprofloxacin (500mg)
337,C Tax-O 200mg Tablet,Cefixime (200mg)
338,Cabisyl 500mg Capsule,Calcium Dobesilate (500mg)
339,Cado 500mg Capsule,Calcium Dobesilate (500mg)
340,Cado Suspension,Racecadotril (10mg/5ml)
342,Cadotril 100mg Capsule,Racecadotril(100mg)
344,Cadotril 15mg Sachet,Racecadotril (15mg)
346,Caldob Capsule,Calcium Dobesilate (500mg)
347,Caldovis 500mg Capsule,Calcium Dobesilate (500mg)
348,Calvir 500mg Capsule,Calcium Dobesilate (500mg)
349,Canoxcin OZ 200 mg/500 mg Tablet,Ofloxacin (200mg) + Ornidazole (500mg)
350,Caprgblin-NT Tablet,Pregabalin (75mg) + Nortriptyline (10mg) + Methylcobalamin (1500mcg)
351,Car 450mg Capsule,Rifampicin (450mg)
352,Carbium 500mg Tablet,Sodium Bicarbonate (500mg)
354,CARD-ATE 5MG/50MG TABLET,Amlodipine (5mg) + Atenolol (50mg)
356,Cardopine 5mg/50mg Tablet,Amlodipine (5mg) + Atenolol (50mg)
358,CAVICIN E KIT,Isoniazid (300mg) + Rifampicin (450mg) + Ethambutol (800mg) + Pyrazinamide (750mg)
359,Cbflox OZ 200mg/500mg Tablet,Ofloxacin (200mg) + Ornidazole (500mg)
360,Cebay 200mg Tablet,Cefixime (200mg)
361,Cebran 500mg Tablet,Ciprofloxacin (500mg)
362,Cefi 200 Tablet,Cefixime (200mg)
363,Cefilab 200 Tablet,Cefixime (200mg)
364,Cefix 200 Tablet,Cefixime (200mg)
365,Cefocef O 200mg Tablet,Cefixime (200mg)
366,Cefolac 200 Tablet,Cefixime (200mg)
367,Cefrax O 200mg Tablet,Cefixime (200mg)
368,Ceftas 200 Tablet,Cefixime (200mg)
369,Ceme 200mg Tablet,Cefixime (200mg)
370,Ceptovir 400mg Tablet DT,Acyclovir (400mg)
371,Cerclav 500 mg/125 mg Tablet,Amoxycillin (500mg) + Clavulanic Acid (125mg)
372,Cespas 20mg/325mg Tablet,Dicyclomine (20mg) + Paracetamol (325mg)
374,Cfx 200mg Tablet,Cefixime (200mg)
375,Check AT Tablet,Amlodipine (5mg) + Atenolol (50mg)
377,Cibiotic 500mg Tablet,Ciprofloxacin (500mg)
378,Ciboz 400 Tablet,Rifaximin (400mg)
379,Cifran 500 Tablet,Ciprofloxacin (500mg)
380,Cilarite 50mg Tablet,Cilostazol (50mg)
381,Cilatoz 50mg Tablet,Cilostazol (50mg)
382,CILESTA 50MG TABLET,Cilostazol (50mg)
383,Cilobact 50mg Tablet,Cilostazol (50mg)
384,Cilobid 50mg Tablet,Cilostazol (50mg)
385,Cilodoc 50 Tablet,Cilostazol (50mg)
386,Cilotab 50mg Tablet,Cilostazol (50mg)
387,Cilzo 50mg Tablet,Cilostazol (50mg)
388,Cintech OZ 200mg/500mg Tablet,Ofloxacin (200mg) + Ornidazole (500mg)
389,Cioff OZ 200 mg/500 mg Tablet,Ofloxacin (200mg) + Ornidazole (500mg)
390,Cipbact 500mg Tablet,Ciprofloxacin (500mg)
391,Cipet 500mg Tablet,Ciprofloxacin (500mg)
392,Cipex 500mg Tablet,Ciprofloxacin (500mg)
393,Ciplox 500 Tablet,Ciprofloxacin (500mg)
394,Ciprobid 500 Tablet,Ciprofloxacin (500mg)
395,Ciprodac 500 Tablet,Ciprofloxacin (500mg)
396,Ciprodex 500mg Tablet,Ciprofloxacin (500mg)
397,Ciprofex 500mg Tablet,Ciprofloxacin (500mg)
398,Cipronat 500mg Tablet,Ciprofloxacin (500mg)
399,Ciprosol 500mg Tablet,Ciprofloxacin (500mg)
400,Ciprotas 500mg Tablet,Ciprofloxacin (500mg)
401,Ciprozen F 500mg Tablet,Ciprofloxacin (500mg)
402,Ciptid 500mg Tablet,Ciprofloxacin (500mg)
403,Cirmin 400 Tablet,Rifaximin (400mg)
404,Cistaz 50mg Tablet,Cilostazol (50mg)
405,Clamchek 625 Tablet,Amoxycillin (500mg) + Clavulanic Acid (125mg)
406,Clamp 625 Tablet,Amoxycillin (500mg) + Clavulanic Acid (125mg)
407,Clatiplus 3000mg/100mg Injection,Ticarcillin (3000mg) + Clavulanic Acid (100mg)
408,Clavam 625 Tablet,Amoxycillin (500mg) + Clavulanic Acid (125mg)
409,Clavidur 625 Tablet,Amoxycillin (500mg) + Clavulanic Acid (125mg)
410,Clavifast 500 mg/125 mg Tablet,Amoxycillin (500mg) + Clavulanic Acid (125mg)
411,Clavoxone 500 mg/125 mg Tablet,Amoxycillin (500mg) + Clavulanic Acid (125mg)
412,Clearmox CV 500 mg/125 mg Tablet,Amoxycillin (500mg) + Clavulanic Acid (125mg)
413,Cletus 50mg Tablet,Cilostazol (50mg)
414,Cloviral 400mg Tablet DT,Acyclovir (400mg)
415,CO Symoxyl 500mg/125mg Tablet,Amoxycillin (500mg) + Clavulanic Acid (125mg)
416,Coeamox 625 Tablet,Amoxycillin (500mg) + Clavulanic Acid (125mg)
417,Coflox 500mg Tablet,Ciprofloxacin (500mg)
418,Cogneurone PNT 75mg/10mg/1500mcg Tablet,Pregabalin (75mg) + Nortriptyline (10mg) + Methylcobalamin (1500mcg)
419,Colif 20 mg/500 mg Tablet,Dicyclomine (20mg) + Paracetamol (500mg)
421,Coligut 400mg Tablet,Rifaximin (400mg)
422,Colimex Tablet,Dicyclomine (20mg) + Paracetamol (500mg)
424,Colisun 20mg/500mg Tablet,Dicyclomine (20mg) + Paracetamol (500mg)
426,Coltro 10 Tablet,Rosuvastatin (10mg)
427,Combet 500 mg/125 mg Tablet,Amoxycillin (500mg) + Clavulanic Acid (125mg)
428,Confect OZ 200mg/500mg Tablet,Ofloxacin (200mg) + Ornidazole (500mg)
429,Conitore Plus 50mg/10mg Tablet,Spironolactone (50mg) + Torasemide (10mg)
431,Consivas 10 Tablet,Rosuvastatin (10mg)
432,Constaflox OZ 200mg/500mg Tablet,Ofloxacin (200mg) + Ornidazole (500mg)
433,Cool Zone-Spas Tablet,Omeprazole (10mg) + Dicyclomine (10mg)
435,Corabrad 5 Tablet,Ivabradine (5mg)
436,Coralan 5mg Tablet,Ivabradine (5mg)
437,Cortel M 50 Tablet ER,Telmisartan (40mg) + Metoprolol Succinate (50mg)
439,Corvadil-A Tablet,Amlodipine (5mg) + Atenolol (50mg)
441,Coslo 5 mg/50 mg Tablet,Amlodipine (5mg) + Atenolol (50mg)
443,Coutim 500mg Tablet,Ciprofloxacin (500mg)
444,Coxid 450mg Capsule,Rifampicin (450mg)
445,Creslip 40mg/10mg Tablet,Telmisartan (40mg) + Atorvastatin (10mg)
447,Crestor 10mg Tablet,Rosuvastatin (10mg)
448,Crevast 10 Tablet,Rosuvastatin (10mg)
449,Cromin-NR Tablet,Pregabalin (75mg) + Nortriptyline (10mg) + Methylcobalamin (1500mcg)
450,Cucin O Tablet,Ofloxacin (200mg) + Ornidazole (500mg)
451,Curam 625mg Tablet,Amoxycillin (500mg) + Clavulanic Acid (125mg)
452,Curifix 400mg Tablet,Rifaximin (400mg)
453,Cvilin 500 mg/125 mg Tablet,Amoxycillin (500mg) + Clavulanic Acid (125mg)
454,Cyclo Plus Tablet,Dicyclomine (20mg) + Paracetamol (325mg)
456,Cyclopam Tablet,Dicyclomine (20mg) + Paracetamol (500mg)
458,Cycloprox 10mg/325mg/50mg Capsule,Dicyclomine (10mg) + Paracetamol (325mg) + Tramadol (50mg)
460,Cyclotas 20mg/500mg Tablet,Dicyclomine (20mg) + Paracetamol (500mg)
462,Dakson OZ 200 mg/500 mg Tablet,Ofloxacin (200mg) + Ornidazole (500mg)
463,Dapalin NT Plus Tablet,Pregabalin (75mg) + Nortriptyline (10mg) + Methylcobalamin (1500mcg)
464,Darolac Sachet,Lactobacillus (2.5Billion cells)
466,Davacobal NP 75mg/10mg/1500mcg Tablet,Pregabalin (75mg) + Nortriptyline (10mg) + Methylcobalamin (1500mcg)
467,DavaIndia Cilostazol 50mg Tablet,Cilostazol (50mg)
468,DavaIndia Fenofibrate 160mg Tablet,Fenofibrate (160mg)
469,DavaIndia Rifaximin 400mg Tablet,Rifaximin (400mg)
470,DavaIndia Spironolactone+Torasemide 50mg/10mg Tablet,Spironolactone (50mg) + Torasemide (10mg)
472,DavaIndia Telmisartan+Metoprolol Succinate 40mg/50mg Tablet ER,Telmisartan (40mg) + Metoprolol Succinate (50mg)
474,Davpreg MN 75mg/10mg/1500mcg Tablet,Pregabalin (75mg) + Nortriptyline (10mg) + Methylcobalamin (1500mcg)
475,Dbs 500mg Capsule,Calcium Dobesilate (500mg)
476,DD Norm Sachet,Racecadotril (10mg) + Saccharomyces boulardii (2.5Billion CFU) + Lactobacillus (100Million spores)
478,De-Spas 20mg/325mg Tablet,Dicyclomine (20mg) + Paracetamol (325mg)
480,Diapride M1 Tablet PR,Glimepiride (1mg) + Metformin (500mg)
482,Diavasc AT 5 mg/50 mg Tablet,Amlodipine (5mg) + Atenolol (50mg)
484,Dicdic-P Tablet,Dicyclomine (20mg) + Paracetamol (500mg)
486,Dicyclomine (20mg) + Paracetamol (500mg),Dicyclomine (10mg) + Paracetamol (325mg) + Tramadol (50mg)
488,Digigut-BC Oral Suspension (5ml Each),Bacillus Clausii (2Billion Spores)
491,Dilozol O 200 mg/500 mg Tablet,Ofloxacin (200mg) + Ornidazole (500mg)
492,Dioflox OZ 200 mg/500 mg Tablet,Ofloxacin (200mg) + Ornidazole (500mg)
493,Diosis 500mg Tablet,Sodium Bicarbonate (500mg)
495,Dipamlo-AT Tablet,Amlodipine (5mg) + Atenolol (50mg)
497,Dirasec 100mg Capsule,Racecadotril(100mg)
499,Dirifa 400 Tablet,Rifaximin (400mg)
500,Dixomox-CV 625 Tablet,Amoxycillin (500mg) + Clavulanic Acid (125mg)
501,Dobaid 500mg Capsule,Calcium Dobesilate (500mg)
502,Dobce 500mg Capsule,Calcium Dobesilate (500mg)
503,Dobecal Capsule,Calcium Dobesilate (500mg)
504,Dobelief 500mg Capsule,Calcium Dobesilate (500mg)
505,Doberol Capsule,Calcium Dobesilate (500mg)
506,Dobesil 500mg Capsule,Calcium Dobesilate (500mg)
507,Dobest Capsule,Calcium Dobesilate (500mg)
508,Dobewin D 500mg Capsule,Calcium Dobesilate (500mg)
509,Dobicos 500mg Capsule,Calcium Dobesilate (500mg)
510,Dobicure 500mg Capsule,Calcium Dobesilate (500mg)
511,Dobilet 500mg Capsule,Calcium Dobesilate (500mg)
512,Dobimax 500mg Capsule,Calcium Dobesilate (500mg)
513,Dobipile 500mg Capsule,Calcium Dobesilate (500mg)
514,Dobipile Plus 500mg/500,Calcium Dobesilate (500mg) + Troxerutin (500mg)
515,Dobiscan 500 Capsule,Calcium Dobesilate (500mg)
516,Dobkair 500mg Capsule,Calcium Dobesilate (500mg)
517,Dobycap 500mg Capsule,Calcium Dobesilate (500mg)
518,Docvir 400mg Tablet DT,Acyclovir (400mg)
519,Dodila NT 75mg/10mg/1500mcg Tablet,Pregabalin (75mg) + Nortriptyline (10mg) + Methylcobalamin (1500mcg)
520,Doff-OZ 200mg/500mg Tablet,Ofloxacin (200mg) + Ornidazole (500mg)
521,Domylin NT 75mg/10mg/1500mcg Tablet,Pregabalin (75mg) + Nortriptyline (10mg) + Methylcobalamin (1500mcg)
522,Donlac DS Tablet,Lactobacillus Sporogenes (120Million spores)
524,Donlac Tablet,Lactobacillus Sporogenes (60Million spores)
526,Dorbid 500mg Capsule,Calcium Dobesilate (500mg)
527,Dosil 500 Capsule,Calcium Dobesilate (500mg)
528,Dotril 100mg Capsule,Racecadotril(100mg)
530,Dovas Capsule,Calcium Dobesilate (500mg)
531,Doxium 500mg Capsule,Calcium Dobesilate (500mg)
532,Drifax 400mg Tablet,Rifaximin (400mg)
533,Dsucra 1000mg Oral Suspension,Sucralfate (1000mg)
535,Dubinor Tablet,Pregabalin (75mg) + Nortriptyline (10mg) + Methylcobalamin (1500mcg)
536,Duciclav 625 Tablet,Amoxycillin (500mg) + Clavulanic Acid (125mg)
537,Ducidal-OZ Tablet,Ofloxacin (200mg) + Ornidazole (500mg)
538,Duet 625 Tablet,Amoxycillin (500mg) + Clavulanic Acid (125mg)
539,Dufaximin 400mg Tablet,Rifaximin (400mg)
540,Duflox OZ 200 mg/500 mg Tablet,Ofloxacin (200mg) + Ornidazole (500mg)
541,Dufox-OZ 200mg/500mg Tablet,Ofloxacin (200mg) + Ornidazole (500mg)
542,Duochek 200 mg/500 mg Tablet,Ofloxacin (200mg) + Ornidazole (500mg)
543,Duroclav 500 mg/125 mg Tablet,Amoxycillin (500mg) + Clavulanic Acid (125mg)
544,Durof Tablet,Ofloxacin (200mg) + Ornidazole (500mg)
545,Dyamide Plus 50 mg/10 mg Tablet,Spironolactone (50mg) + Torasemide (10mg)
547,Dyflow S 50mg/10mg Tablet,Spironolactone (50mg) + Torasemide (10mg)
549,Dyloop Plus 50mg/10mg Tablet,Spironolactone (50mg) + Torasemide (10mg)
551,Dyrich NP Tablet,Pregabalin (75mg) + Nortriptyline (10mg) + Methylcobalamin (1500mcg)
552,Dytel-MT 50 Tablet ER,Telmisartan (40mg) + Metoprolol Succinate (50mg)
554,Dytor Plus 10 Tablet,Spironolactone (50mg) + Torasemide (10mg)
556,Easyflox OZ 200 mg/500 mg Tablet,Ofloxacin (200mg) + Ornidazole (500mg)
557,Easytrip M Tablet,Pregabalin (75mg) + Nortriptyline (10mg) + Methylcobalamin (1500mcg)
558,Ecoflox 500mg Tablet,Ciprofloxacin (500mg)
559,Econorm 250mg Capsule,Saccharomyces boulardii (250mg)
561,Econorm Capsule,Lactobacillus (2.5Billion cells)
564,Editor Sachet,Racecadotril (15mg) + Saccharomyces boulardii (40Million cells)
566,Efficin 750mg Injection,Kanamycin (750mg)
567,Eflo 500mg Capsule,Calcium Dobesilate (500mg)
568,Eglucent Kwikpen,Insulin Lispro (100IU)
570,Eglucent Rapid 100IU/ml Kwikpen,Insulin Lispro (100IU/ml)
573,Eglucent Rapid 100IU/ml Solution for Injection,Insulin Lispro (100IU/ml)
576,Elmet 400mg Tablet,Metronidazole (400mg)
577,Elmox CV 500mg/125mg Tablet,Amoxycillin (500mg) + Clavulanic Acid (125mg)
578,Elowin OZ 200mg/500mg Tablet,Ofloxacin (200mg) + Ornidazole (500mg)
579,Elox OZ 200 mg/500 mg Tablet,Ofloxacin (200mg) + Ornidazole (500mg)
580,Elprega MN 75mg/10mg/1500mcg Tablet,Pregabalin (75mg) + Nortriptyline (10mg) + Methylcobalamin (1500mcg)
581,Elspas-Plus Tablet,Dicyclomine (20mg) + Paracetamol (325mg)
583,Elspore R 100mg Capsule,Racecadotril(100mg)
585,Elzen Beta 40mg/50mg Tablet ER,Telmisartan (40mg) + Metoprolol Succinate (50mg)
587,Embeta-TM 50 Tablet ER,Telmisartan (40mg) + Metoprolol Succinate (50mg)
589,Emekule 4mg Tablet MD,Ondansetron (4mg)
591,Emeton MD 4 Tablet,Ondansetron (4mg)
593,Emicid 4 Tablet MD,Ondansetron (4mg)
595,Emnac 400mg Tablet,Metronidazole (400mg)
596,Emron-MD Tablet,Ondansetron (4mg)
598,Encip 500mg Tablet,Ciprofloxacin (500mg)
599,Enclav 500mg/125mg Tablet,Amoxycillin (500mg) + Clavulanic Acid (125mg)
600,Endospaz 20 mg/500 mg Tablet,Dicyclomine (20mg) + Paracetamol (500mg)
602,Enpreg NM 75mg/10mg/1500mcg Tablet,Pregabalin (75mg) + Nortriptyline (10mg) + Methylcobalamin (1500mcg)
603,Entosec 1000mg Tablet,Secnidazole (1000mg)
604,Enuff 10mg Tablet DT,Racecadotril (10mg)
606,Enuff 15mg Powder,Racecadotril (15mg)
608,Enuff 30 Sachet,Racecadotril (30mg)
610,Enuff 30mg Tablet DT,Racecadotril (30mg)
612,Enuff Capsule,Racecadotril(100mg)
614,Enuff Extra Sachet,Racecadotril (10mg) + Saccharomyces boulardii (2.5Billion CFU) + Lactobacillus (100Million spores)
616,Enuff O Dry Syrup,Racecadotril (15mg) + Ofloxacin (50mg)
618,Eoxcin OR Tablet,Ofloxacin (200mg) + Ornidazole (500mg)
619,Epinerve NT 75mg/10mg/1500mcg Tablet,Pregabalin (75mg) + Nortriptyline (10mg) + Methylcobalamin (1500mcg)
620,Erox CV 625 Tablet,Amoxycillin (500mg) + Clavulanic Acid (125mg)
621,Eslo-5 AT Tablet,Amlodipine (5mg) + Atenolol (50mg)
623,Estamox-CV 625 Tablet,Amoxycillin (500mg) + Clavulanic Acid (125mg)
624,Estoclav 500mg/125mg Tablet,Amoxycillin (500mg) + Clavulanic Acid (125mg)
625,Etotan-HR Tablet,Ramipril (2.5mg) + Losartan (50mg) + Hydrochlorothiazide (12.5mg)
627,Euglim-M 2 Tablet PR,Glimepiride (2mg) + Metformin (500mg)
629,Eurocip 500mg Tablet,Ciprofloxacin (500mg)
630,Examin 400mg Tablet,Rifaximin (400mg)
631,Exbid 500mg Tablet,Ciprofloxacin (500mg)
632,Exclusive 500 mg/125 mg Tablet,Amoxycillin (500mg) + Clavulanic Acid (125mg)
633,Excretor Plus 50 mg/10 mg Tablet,Spironolactone (50mg) + Torasemide (10mg)
635,Exvid R Tablet,Ofloxacin (200mg) + Ornidazole (500mg)
636,Fatewel 1000mg Oral Suspension Sugar Free,Sucralfate (1000mg)
638,Faxicad 400 Tablet,Rifaximin (400mg)
639,Faxidel 400mg Tablet,Rifaximin (400mg)
640,Fection 500mg/125mg Tablet,Amoxycillin (500mg) + Clavulanic Acid (125mg)
641,Fenacor 160mg Tablet,Fenofibrate (160mg)
642,Feno TG Plus Tablet,Atorvastatin (10mg) + Fenofibrate (160mg)
643,Fenoday 160mg Tablet,Fenofibrate (160mg)
644,Fenolip 160mg Tablet,Fenofibrate (160mg)
645,Feno-TG 160mg Tablet,Fenofibrate (160mg)
646,Fibac OZ 200 mg/500 mg Tablet,Ofloxacin (200mg) + Ornidazole (500mg)
647,Fibral Capsule,Fenofibrate (200mg)
648,Fibrofen 160mg Tablet,Fenofibrate (160mg)
649,Fibrogesic N Tablet,Pregabalin (75mg) + Nortriptyline (10mg) + Methylcobalamin (1500mcg)
650,Fibrovas Tablet,Atorvastatin (10mg) + Fenofibrate (160mg)
651,Fightox 625 Tablet,Amoxycillin (500mg) + Clavulanic Acid (125mg)
652,Finabate 160 Tablet,Fenofibrate (160mg)
653,Finate 160 Tablet,Fenofibrate (160mg)
654,Finobrate 160 Tablet,Fenofibrate (160mg)
655,Finoxim 200mg Capsule,Fenofibrate (200mg)
656,Fixim 200mg Tablet,Cefixime (200mg)
657,Flag 200mg/500mg Tablet,Ofloxacin (200mg) + Ornidazole (500mg)
658,Flagentyl 1000mg Tablet,Secnidazole (1000mg)
659,Flagyl 400 Tablet,Metronidazole (400mg)
660,Flemiclav 625 Tablet,Amoxycillin (500mg) + Clavulanic Acid (125mg)
661,Flocy 500mg Tablet,Ciprofloxacin (500mg)
662,Flolact OZ 200 mg/500 mg Tablet,Ofloxacin (200mg) + Ornidazole (500mg)
663,Flonitra OZ 200mg/500mg Tablet,Ofloxacin (200mg) + Ornidazole (500mg)
664,Flow OZ 200 mg/500 mg Tablet,Ofloxacin (200mg) + Ornidazole (500mg)
665,Flowdot 200mg/500mg Tablet,Ofloxacin (200mg) + Ornidazole (500mg)
666,Flow-OZ 200mg/500mg Tablet,Ofloxacin (200mg) + Ornidazole (500mg)
667,Floxamid OZ Tablet,Ofloxacin (200mg) + Ornidazole (500mg)
668,Floxcin OZ 200mg/500mg Tablet,Ofloxacin (200mg) + Ornidazole (500mg)
669,Floxip 500 Tablet,Ciprofloxacin (500mg)
670,Floxitus OZ Plus 200 mg/500 mg Tablet,Ofloxacin (200mg) + Ornidazole (500mg)
671,Floxzen OZ 200 mg/500 mg Tablet,Ofloxacin (200mg) + Ornidazole (500mg)
672,Flozoross Tablet,Ofloxacin (200mg) + Ornidazole (500mg)
673,Fluvia 75mg Capsule,Oseltamivir Phosphate (75mg)
674,Fluvir 75mg Capsule,Oseltamivir Phosphate (75mg)
675,Fontel MT 50 Tablet ER,Telmisartan (40mg) + Metoprolol Succinate (50mg)
677,Fre-Col 20mg/500mg Tablet,Dicyclomine (20mg) + Paracetamol (500mg)
679,Fregam Mnt 75mg/10mg/1500mcg Tablet,Pregabalin (75mg) + Nortriptyline (10mg) + Methylcobalamin (1500mcg)
680,Gabafix NT 75mg/10mg/1500mcg Tablet,Pregabalin (75mg) + Nortriptyline (10mg) + Methylcobalamin (1500mcg)
681,Gabagain NP Tablet,Pregabalin (75mg) + Nortriptyline (10mg) + Methylcobalamin (1500mcg)
682,Gabasync-Total Tablet,Pregabalin (75mg) + Nortriptyline (10mg) + Methylcobalamin (1500mcg)
683,Gamlo AT 5mg/50mg Tablet,Amlodipine (5mg) + Atenolol (50mg)
685,Gasostar Oral Suspension,Magaldrate (400mg/5ml) + Simethicone (60mg/5ml)
687,Gastrogyl O 200 mg/500 mg Tablet,Ofloxacin (200mg) + Ornidazole (500mg)
688,Gazal O 200 mg/500 mg Tablet,Ofloxacin (200mg) + Ornidazole (500mg)
689,GB 29 Total Tablet,Pregabalin (75mg) + Nortriptyline (10mg) + Methylcobalamin (1500mcg)
690,Gdopine-AT Tablet,Amlodipine (5mg) + Atenolol (50mg)
692,Geminor M 2 Tablet PR,Glimepiride (2mg) + Metformin (500mg)
694,Genericart Cilostazol 50mg Tablet,Cilostazol (50mg)
695,Genericart Nitroglycerin 2.6mg Tablet CR,Nitroglycerin (2.6mg)
696,Genericart Spironolactone+Torasemide 50mg/10mg Tablet,Spironolactone (50mg) + Torasemide (10mg)
698,Genof OZ 200mg/500mg Tablet,Ofloxacin (200mg) + Ornidazole (500mg)
699,Genomox CV 500mg/125mg Tablet,Amoxycillin (500mg) + Clavulanic Acid (125mg)
700,Gericlav Tablet,Amoxycillin (500mg) + Clavulanic Acid (125mg)
701,Geryl O 200 mg/500 mg Tablet,Ofloxacin (200mg) + Ornidazole (500mg)
702,Gifaxin 400 Tablet,Rifaximin (400mg)
703,Glaritus 100IU/ml Dispopen,Insulin Glargine (100IU)
707,Glaritus 100IU/ml Injection,Insulin Glargine (100IU)
711,Glaritus 100IU/ml Injection 3ml,Insulin Glargine (100IU)
713,Glaritus Dispopen 2,Insulin Glargine (100IU/ml)
715,Glarvia 100IU/ml Injection,Insulin Glargine (100IU)
719,Glenpar Spas Tablet,Dicyclomine (20mg) + Paracetamol (325mg)
721,Gligaba NT Tablet,Pregabalin (75mg) + Nortriptyline (10mg) + Methylcobalamin (1500mcg)
722,Glihypo-Plus 10 Tablet,Rosuvastatin (10mg)
723,Glimestar-M 1 Tablet PR,Glimepiride (1mg) + Metformin (500mg)
725,Glimestar-M 2 Tablet PR,Glimepiride (2mg) + Metformin (500mg)
727,Glimiprex MF 1/500 Tablet PR,Glimepiride (1mg) + Metformin (500mg)
729,Glimiprex MF 2/500 Tablet PR,Glimepiride (2mg) + Metformin (500mg)
731,Glimser 1 Tablet PR,Glimepiride (1mg) + Metformin (500mg)
733,Gliten AM 5mg/50mg Tablet,Amlodipine (5mg) + Atenolol (50mg)
735,Gloristat 10 Tablet,Rosuvastatin (10mg)
736,Glyciphage SR 500mg Tablet,Metformin (500mg)
738,Glycomet 500 SR Tablet,Metformin (500mg)
740,Glycomet-GP 1 Tablet PR,Glimepiride (1mg) + Metformin (500mg)
742,Glycomet-GP 2 Tablet PR,Glimepiride (2mg) + Metformin (500mg)
744,God 200mg/500mg Tablet,Ofloxacin (200mg) + Ornidazole (500mg)
745,Gofate O 1000mg Oral Suspension,Sucralfate (1000mg)
747,Goldclav 625 Tablet,Amoxycillin (500mg) + Clavulanic Acid (125mg)
748,Gracilac Sachet,Saccharomyces boulardii (250mg)
750,Grandmox 625 Tablet,Amoxycillin (500mg) + Clavulanic Acid (125mg)
751,Grifa 450mg Capsule,Rifampicin (450mg)
752,Grubid Capsule,Fenofibrate (200mg)
753,G-Sure 2.6 Tablet CR,Nitroglycerin (2.6mg)
754,GTN Sorbitrate CR 2.6 Tablet,Nitroglycerin (2.6mg)
755,Gutwin 400 Tablet,Rifaximin (400mg)
756,Gvmor 75mg/10mg/1500mcg Tablet,Pregabalin (75mg) + Nortriptyline (10mg) + Methylcobalamin (1500mcg)
757,Gyrofix O 200mg/500mg Tablet,Ofloxacin (200mg) + Ornidazole (500mg)
758,Gyrostat OZ Tablet,Ofloxacin (200mg) + Ornidazole (500mg)
759,Hactaflox OZ 200mg/500mg Tablet,Ofloxacin (200mg) + Ornidazole (500mg)
760,Hactamox 500mg/125mg Tablet,Amoxycillin (500mg) + Clavulanic Acid (125mg)
761,Hanuflox OZ 200 mg/500 mg Tablet,Ofloxacin (200mg) + Ornidazole (500mg)
762,Hartek AT Tablet,Amlodipine (5mg) + Atenolol (50mg)
764,Healacid-O Oral Suspension Refreshing-Tangy Sugar Free,Magaldrate (540mg/5ml) + Simethicone (50mg/5ml) + Oxetacaine (10mg/5ml)
766,Helikit 20mg/500mg/750mg Kit,Omeprazole (20mg) + Tinidazole (500mg) + Amoxycillin (750mg)
768,Herer 400mg Tablet DT,Acyclovir (400mg)
769,Herpesafe 400mg Tablet DT,Acyclovir (400mg)
770,Herpikind 400 Tablet DT,Acyclovir (400mg)
771,Hhamclav 625 Tablet,Amoxycillin (500mg) + Clavulanic Acid (125mg)
772,Hhrosu 10mg Tablet,Rosuvastatin (10mg)
773,Honda 4mg Tablet MD,Ondansetron (4mg)
775,Hopetel M 40mg/50mg Tablet ER,Telmisartan (40mg) + Metoprolol Succinate (50mg)
777,Horn O 200mg/500mg Tablet,Ofloxacin (200mg) + Ornidazole (500mg)
778,HP Kit,Omeprazole (20mg) + Tinidazole (500mg) + Amoxycillin (750mg)
780,Humalog 100IU/ml Kwikpen,Insulin Lispro (100IU)
782,Humalog 100IU/ml Solution for Injection,Insulin Lispro (100IU)
784,Humalog 200IU/ml Kwikpen,Insulin Lispro (200IU)
786,Human Insulatard 40IU/ml Suspension for Injection,Insulin Isophane (40IU)
789,Huminsulin N 100IU/ml Cartridge,Insulin Isophane (100IU/ml)
791,Huminsulin N 100IU/ml Injection,Insulin Isophane (100IU)
793,Huminsulin N 40IU/ml Injection,Insulin Isophane (40IU)
795,Hydral 100mg Capsule,Racecadotril(100mg)
797,Hydral 10mg Sachet,Racecadotril (10mg)
799,Hydratil 100mg Capsule,Racecadotril(100mg)
801,Ibdine 5 Tablet,Ivabradine (5mg)
802,Ibifax O Tablet,Ofloxacin (200mg) + Ornidazole (500mg)
803,Ibifix 400 Tablet,Rifaximin (400mg)
804,Ibimox 625 Tablet,Amoxycillin (500mg) + Clavulanic Acid (125mg)
805,Ibs Free 400mg Tablet,Rifaximin (400mg)
806,Ibstatin 10 Tablet,Rosuvastatin (10mg)
807,Idometrol Tablet,Di-iodohydroxyquinoline (300mg)
809,Iletin NPH 40IU/ml Injection,Insulin Isophane (40IU)
811,Inapure 5 Tablet,Ivabradine (5mg)
812,Inclab 625 Tablet,Amoxycillin (500mg) + Clavulanic Acid (125mg)
813,Indclav 625 Tablet,Amoxycillin (500mg) + Clavulanic Acid (125mg)
814,Inditel MX 50 Tablet ER,Telmisartan (40mg) + Metoprolol Succinate (50mg)
816,Inflobact OZ Tablet,Ofloxacin (200mg) + Ornidazole (500mg)
817,Inflobid OZ 200mg/500mg Tablet,Ofloxacin (200mg) + Ornidazole (500mg)
818,Inflox OZ 200 mg/500 mg Tablet,Ofloxacin (200mg) + Ornidazole (500mg)
819,Ingvas 10mg Tablet,Rosuvastatin (10mg)
820,Insucare N 40IU/ml Injection,Insulin Isophane (40IU)
824,Insugen-N 100IU/ml Injection,Insulin Isophane (100IU)
826,Insugen-N 100IU/ml Refil Injection,Insulin Isophane (100IU)
829,Insugen-N 40IU/ml Injection,Insulin Isophane (40IU)
831,Insulatard 100IU/ml Flexpen,Insulin Isophane (100IU/ml)
833,Insulatard HM 100IU/ml Cartridge,Insulin Isophane (100IU)
836,Insulatard HM 100IU/ml Penfill,Insulin Isophane (100IU/ml)
838,Insulin 40IU/ml Injection,Insulin Isophane (40IU)
840,Insulin Isophane (100IU),Amlodipine (5mg) + Atenolol (50mg)
843,Insuman Basal 40IU/ml Injection,Insulin Isophane (40IU)
846,Irban 5mg Tablet,Ivabradine (5mg)
847,Isordil 5 Sublingual table,Isosorbide Dinitrate (5mg)
848,Isorus Tablet,Isosorbide Dinitrate (20mg) + Hydralazine (37.5mg)
849,Istamet 50mg/500mg Tablet,Sitagliptin (50mg) + Metformin (500mg)
852,Ivabeat 5 Tablet,Ivabradine (5mg)
853,Ivabid 5 Tablet,Ivabradine (5mg)
854,Ivables 5 Tablet,Ivabradine (5mg)
855,Ivabratco 5 Tablet,Ivabradine (5mg)
856,Ivabrate 5mg Tablet,Ivabradine (5mg)
857,Ivadol 5mg Tablet,Ivabradine (5mg)
858,Ivadone 5mg Tablet,Ivabradine (5mg)
859,Ivagold 5 Tablet,Ivabradine (5mg)
860,Ivamac 5 Tablet,Ivabradine (5mg)
861,Ivangin 5mg Tablet,Ivabradine (5mg)
862,Ivanode 5 Tablet,Ivabradine (5mg)
863,Ivapace 5mg Tablet,Ivabradine (5mg)
864,Ivasafe 5 Tablet,Ivabradine (5mg)
865,Ivasmart 5mg Tablet,Ivabradine (5mg)
866,Ivastar 5mg Tablet,Ivabradine (5mg)
867,Ivatri 5mg Tablet,Ivabradine (5mg)
868,Ivazine 5 Tablet,Ivabradine (5mg)
869,Iverzac 5mg Tablet,Ivabradine (5mg)
870,Ixafir 400 Tablet,Rifaximin (400mg)
871,J P Flox OZ 200 mg/500 mg Tablet,Ofloxacin (200mg) + Ornidazole (500mg)
872,JA Rifa 400mg Tablet,Rifaximin (400mg)
873,Jafix 200mg Tablet,Cefixime (200mg)
874,Jafixaz Tablet,Cefixime (200mg)
875,Janumet 50 mg/500 mg Tablet,Sitagliptin (50mg) + Metformin (500mg)
878,Jedi 500 mg/125 mg Tablet,Amoxycillin (500mg) + Clavulanic Acid (125mg)
879,Jidox 200mg Tablet,Cefixime (200mg)
880,Jolox 500mg Tablet,Ciprofloxacin (500mg)
881,Jonclav 625 Tablet,Amoxycillin (500mg) + Clavulanic Acid (125mg)
882,Jonoflox-OZ 200mg/500mg Tablet,Ofloxacin (200mg) + Ornidazole (500mg)
883,Jox O 200 mg/500 mg Tablet,Ofloxacin (200mg) + Ornidazole (500mg)
884,Joyclav 500 mg/125 mg Tablet,Amoxycillin (500mg) + Clavulanic Acid (125mg)
885,Jubira 10 Tablet,Rosuvastatin (10mg)
886,JV Flox OZ 200mg/500mg Tablet,Ofloxacin (200mg) + Ornidazole (500mg)
887,Kanamac 750 Injection,Kanamycin (750mg)
888,Kartron 4mg Tablet MD,Ondansetron (4mg)
890,Kaspin AT 5mg/50mg Tablet,Amlodipine (5mg) + Atenolol (50mg)
892,Kastcid S 1000mg Oral Suspension,Sucralfate (1000mg)
894,Kazmith NP 75mg/10mg/1500mcg Tablet,Pregabalin (75mg) + Nortriptyline (10mg) + Methylcobalamin (1500mcg)
895,Kesod 500mg Tablet,Sodium Bicarbonate (500mg)
897,Kilban Tablet,Amoxycillin (500mg) + Clavulanic Acid (125mg)
898,Kilosta 50 Tablet,Cilostazol (50mg)
899,Kmylen NT 75mg/10mg/1500mcg Tablet,Pregabalin (75mg) + Nortriptyline (10mg) + Methylcobalamin (1500mcg)
900,Kooz 200mg/500mg Tablet,Ofloxacin (200mg) + Ornidazole (500mg)
901,Kritblok-AT Tablet,Amlodipine (5mg) + Atenolol (50mg)
903,Kritpre NP 75mg/10mg/1500mcg Tablet,Pregabalin (75mg) + Nortriptyline (10mg) + Methylcobalamin (1500mcg)
904,Lac Syrup,Lactobacillus (40Million spores)
906,Lac Tablet,Lactobacillus (60Million spores)
908,Lacnid Tablet,Ofloxacin (200mg) + Ornidazole (500mg)
909,Lactoclaav 500mg/125mg Tablet,Amoxycillin (500mg) + Clavulanic Acid (125mg)
910,Lactopic Tablet,Lactobacillus Sporogenes (60Million spores)
912,Laflox-O 200mg/500mg Tablet,Ofloxacin (200mg) + Ornidazole (500mg)
913,Lancin 200mg/500mg Tablet,Ofloxacin (200mg) + Ornidazole (500mg)
914,Lanorec 5 Tablet,Ivabradine (5mg)
915,Lantus 100IU/ml Solution for Injection,Insulin Glargine (100IU)
917,Lantus Solostar 100IU/ml Solution for Injection,Insulin Glargine (100IU/ml)
919,Laxospas Tablet,Dicyclomine (20mg) + Paracetamol (500mg)
921,Lebral 500mg Syrup,Sucralfate (500mg/5ml)
923,Lee Dott Capsule,Racecadotril(100mg)
925,Lee Dott Oral Powder,Racecadotril (10mg)
927,Lentard 40IU/ml Injection,Insulin Isophane (40IU)
929,Lenteflox OZ 200mg/500mg Tablet,Ofloxacin (200mg) + Ornidazole (500mg)
930,Leoflox OZ 200mg/500mg Tablet,Ofloxacin (200mg) + Ornidazole (500mg)
931,Levemir 100IU/ml Flexpen,Insulin detemir (100IU)
933,Lexanox Oral Paste,Amlexanox (50mg)
935,Lexanox Plus Oral Paste Sugar Free,Amlexanox (50mg)
937,Lexicom 60Million cells Capsule,Lactobacillus (60Million cells)
939,Limaclav 500 mg/125 mg Tablet,Amoxycillin (500mg) + Clavulanic Acid (125mg)
940,Linof OZ 200mg/500mg Tablet,Ofloxacin (200mg) + Ornidazole (500mg)
941,Lipicard 160 Tablet,Fenofibrate (160mg)
942,Lipicard-AV Tablet,Atorvastatin (10mg) + Fenofibrate (160mg)
943,Lipicure-TG Tablet,Atorvastatin (10mg) + Fenofibrate (160mg)
944,Lipigo 10 Tablet,Rosuvastatin (10mg)
945,Lipikind-F Tablet,Atorvastatin (10mg) + Fenofibrate (160mg)
946,Lipireg 160mg Tablet,Fenofibrate (160mg)
947,Lipirose 10 Tablet,Rosuvastatin (10mg)
948,Lipisar 40 mg/10 mg Tablet,Telmisartan (40mg) + Atorvastatin (10mg)
950,Lipitas 10 Tablet,Rosuvastatin (10mg)
951,Litrakind Plus 50mg/10mg Tablet,Spironolactone (50mg) + Torasemide (10mg)
953,Lmx Forte 500mg/125mg Tablet,Amoxycillin (500mg) + Clavulanic Acid (125mg)
954,Loc OZ 200 mg/500 mg Tablet,Ofloxacin (200mg) + Ornidazole (500mg)
955,L-Ocin-OZ Tablet,Ofloxacin (200mg) + Ornidazole (500mg)
956,Lodens 10 Tablet,Rosuvastatin (10mg)
957,Logisil Capsule,Calcium Dobesilate (500mg)
958,Logivir 400 DT Tablet,Acyclovir (400mg)
959,Longact 40IU/ml Injection,Insulin Isophane (40IU)
961,Loo Chek Suspension,Racecadotril (10mg/5ml)
963,Loobid 200 mg/500 mg Tablet,Ofloxacin (200mg) + Ornidazole (500mg)
964,Loopstar Plus 50mg/10mg Tablet,Spironolactone (50mg) + Torasemide (10mg)
966,Loram-H 2.5 Tablet,Ramipril (2.5mg) + Losartan (50mg) + Hydrochlorothiazide (12.5mg)
968,Losa RH 2.5 mg/50 mg/12.5 mg Tablet,Ramipril (2.5mg) + Losartan (50mg) + Hydrochlorothiazide (12.5mg)
970,Losanorm HR Tablet,Ramipril (2.5mg) + Losartan (50mg) + Hydrochlorothiazide (12.5mg)
972,LR H Tablet,Ramipril (2.5mg) + Losartan (50mg) + Hydrochlorothiazide (12.5mg)
974,Lupidip-A Tablet,Amlodipine (5mg) + Atenolol (50mg)
976,Lupisulin N 100IU/ml Injection,Insulin Isophane (100IU)
980,Lupisulin N 40IU/ml Injection,Insulin Isophane (40IU)
982,Macbate Oral Suspension Mint Sugar Free,Magaldrate (540mg/5ml) + Simethicone (50mg/5ml) + Oxetacaine (10mg/5ml)
984,Macoflo OZ 200 mg/500 mg Tablet,Ofloxacin (200mg) + Ornidazole (500mg)
985,Macox 450mg Capsule,Rifampicin (450mg)
986,Macox Plus 600 Tablet,Rifampicin (600mg) + Isoniazid (300mg)
987,Macsart Beta 50 Tablet ER,Telmisartan (40mg) + Metoprolol Succinate (50mg)
989,Mactor F Tablet,Atorvastatin (10mg) + Fenofibrate (160mg)
990,Maflo 500mg Tablet,Ciprofloxacin (500mg)
991,Magalcid-S Oral Suspension,Sucralfate (1000mg)
993,Maglen -Mps Oral Suspension Sugar Free,Magaldrate (400mg/5ml) + Simethicone (60mg/5ml)
995,Maglicain Oral Gel,Oxetacaine (10mg/5ml) + Aluminium Hydroxide (0.291gm/5ml) + Milk Of Magnesia (98mg/5ml)
997,Mahacef 200 Tablet,Cefixime (200mg)
998,Marrinerve NP 75mg/10mg/1500mcg Tablet,Pregabalin (75mg) + Nortriptyline (10mg) + Methylcobalamin (1500mcg)
999,Matpf NP 75mg/10mg/1500mcg Tablet,Pregabalin (75mg) + Nortriptyline (10mg) + Methylcobalamin (1500mcg)
1000,Maxgyl 400mg Tablet,Metronidazole (400mg)
1001,Mcosvir 75mg Capsule,Oseltamivir Phosphate (75mg)
1002,Meant 400mg Tablet,Metronidazole (400mg)
1003,Mebgyl 400mg Tablet,Metronidazole (400mg)
1004,Mecapreg-N Tablet,Pregabalin (75mg) + Nortriptyline (10mg) + Methylcobalamin (1500mcg)
1005,Mecever NP 75mg/10mg/1500mcg Tablet,Pregabalin (75mg) + Nortriptyline (10mg) + Methylcobalamin (1500mcg)
1006,Mecodif NT 75mg/10mg/1500mcg Tablet,Pregabalin (75mg) + Nortriptyline (10mg) + Methylcobalamin (1500mcg)
1007,Mecorn-NP Tablet,Pregabalin (75mg) + Nortriptyline (10mg) + Methylcobalamin (1500mcg)
1008,Mecosung NT 75mg/10mg/1500mcg Tablet,Pregabalin (75mg) + Nortriptyline (10mg) + Methylcobalamin (1500mcg)
1009,Medmox CV 500mg/125mg Tablet,Amoxycillin (500mg) + Clavulanic Acid (125mg)
1010,Medoput 5mg/50mg Tablet,Amlodipine (5mg) + Atenolol (50mg)
1012,Megaclav 500mg/125mg Tablet,Amoxycillin (500mg) + Clavulanic Acid (125mg)
1013,Mega-CV 625 Tablet,Amoxycillin (500mg) + Clavulanic Acid (125mg)
1014,Megamentin 625 Tablet,Amoxycillin (500mg) + Clavulanic Acid (125mg)
1015,MELOL 5MG/50MG TABLET,Amlodipine (5mg) + Atenolol (50mg)
1017,Menarif 400mg Tablet,Rifaximin (400mg)
1018,Met 400mg Tablet,Metronidazole (400mg)
1019,Metadoze-IPR 500 Tablet SR,Metformin (500mg)
1022,Metgab-N Tablet,Pregabalin (75mg) + Nortriptyline (10mg) + Methylcobalamin (1500mcg)
1023,Metgyl 400mg Tablet,Metronidazole (400mg)
1024,Metlong 500 Tablet SR,Metformin (500mg)
1027,Metosartan 50 Tablet ER,Telmisartan (40mg) + Metoprolol Succinate (50mg)
1029,Metpil T 50 Tablet ER,Telmisartan (40mg) + Metoprolol Succinate (50mg)
1031,Metride 1 Tablet PR,Glimepiride (1mg) + Metformin (500mg)
1033,Metride 2 Tablet PR,Glimepiride (2mg) + Metformin (500mg)
1035,Metro 400mg Tablet,Metronidazole (400mg)
1036,Metrocon 400mg Tablet,Metronidazole (400mg)
1037,Metrogyl 400 Tablet,Metronidazole (400mg)
1038,Metron 400mg Tablet,Metronidazole (400mg)
1039,Metron Forte 400mg Tablet,Metronidazole (400mg)
1040,Metropen 400mg Tablet,Metronidazole (400mg)
1041,Metrozol 400mg Tablet,Metronidazole (400mg)
1042,Metrozole 400mg Tablet,Metronidazole (400mg)
1043,Metsmall 500 Tablet SR,Metformin (500mg)
1046,Metvin 400mg Tablet,Metronidazole (400mg)
1047,Miliclav Tablet,Amoxycillin (500mg) + Clavulanic Acid (125mg)
1048,Milixim 200 Tablet,Cefixime (200mg)
1049,Minimax OZ Tablet,Ofloxacin (200mg) + Ornidazole (500mg)
1050,Minimaxx NP 75mg/10mg/1500mcg Tablet,Pregabalin (75mg) + Nortriptyline (10mg) + Methylcobalamin (1500mcg)
1051,Mobisilate 500mg Capsule,Calcium Dobesilate (500mg)
1052,Mobitide 500mg Tablet,Diloxanide (500mg)
1054,Mobium 500mg Capsule,Calcium Dobesilate (500mg)
1055,Moca 500 mg/125 mg Tablet,Amoxycillin (500mg) + Clavulanic Acid (125mg)
1056,Modlip F Tablet,Atorvastatin (10mg) + Fenofibrate (160mg)
1057,Moflin OZ 200 mg/500 mg Tablet,Ofloxacin (200mg) + Ornidazole (500mg)
1058,Moflox OZ Tablet,Ofloxacin (200mg) + Ornidazole (500mg)
1059,Mokcan CV 500mg/125mg Tablet,Amoxycillin (500mg) + Clavulanic Acid (125mg)
1060,Monit GTN 2.6 Tablet CR,Nitroglycerin (2.6mg)
1061,Monocobal-Plus Tablet,Pregabalin (75mg) + Nortriptyline (10mg) + Methylcobalamin (1500mcg)
1062,Montomycin 450mg Capsule,Rifampicin (450mg)
1063,Morbitime 400 Tablet,Rifaximin (400mg)
1064,Moredot 100mg Capsule,Racecadotril(100mg)
1066,Mox CV 625 Tablet,Amoxycillin (500mg) + Clavulanic Acid (125mg)
1067,Moxbro-CV 625 Tablet,Amoxycillin (500mg) + Clavulanic Acid (125mg)
1068,Moxclav 625 Tablet,Amoxycillin (500mg) + Clavulanic Acid (125mg)
1069,Moxifast CV Tablet,Amoxycillin (500mg) + Clavulanic Acid (125mg)
1070,Moxiforce-CV 625 Tablet,Amoxycillin (500mg) + Clavulanic Acid (125mg)
1071,Moxigem 500 mg/125 mg Tablet,Amoxycillin (500mg) + Clavulanic Acid (125mg)
1072,Moxigold CV 500mg/125mg Tablet,Amoxycillin (500mg) + Clavulanic Acid (125mg)
1073,Moxikind-CV 625 Tablet,Amoxycillin (500mg) + Clavulanic Acid (125mg)
1074,Moxila 500 mg/125 mg Tablet,Amoxycillin (500mg) + Clavulanic Acid (125mg)
1075,Moxilink C 625mg Tablet,Amoxycillin (500mg) + Clavulanic Acid (125mg)
1076,Moxiz CV 500 mg/125 mg Tablet,Amoxycillin (500mg) + Clavulanic Acid (125mg)
1077,Moxodin CV 500 mg/125 mg Tablet,Amoxycillin (500mg) + Clavulanic Acid (125mg)
1078,Mucaine Gel Mint Sugar Free,Oxetacaine (10mg/5ml) + Aluminium Hydroxide (0.291gm/5ml) + Milk Of Magnesia (98mg/5ml)
1080,Mucaine Gel Orange,Oxetacaine (10mg/5ml) + Aluminium Hydroxide (0.291gm/5ml) + Milk Of Magnesia (98mg/5ml)
1082,Mucaine Oral Gel American Ice Cream Sugar Free,Oxetacaine (10mg/5ml) + Aluminium Hydroxide (0.291gm/5ml) + Milk Of Magnesia (98mg/5ml)
1084,Mucoclav 500 mg/125 mg Tablet,Amoxycillin (500mg) + Clavulanic Acid (125mg)
1085,Mucocoat Suspension Sugar Free,Sucralfate (1000mg)
1087,Multinus NP 75mg/10mg/1500mcg Tablet,Pregabalin (75mg) + Nortriptyline (10mg) + Methylcobalamin (1500mcg)
1088,Munset 4mg Tablet MD,Ondansetron (4mg)
1090,Muzika 20mg/37.5mg Tab,Isosorbide Dinitrate (20mg) + Hydralazine (37.5mg)
1091,Myclav 500mg/125mg Tablet,Amoxycillin (500mg) + Clavulanic Acid (125mg)
1092,Myonit SR 2.6 Tablet,Nitroglycerin (2.6mg)
1093,Myrifa 400mg Tablet,Rifaximin (400mg)
1094,Nabico 3 Tablet,Sodium Bicarbonate (500mg)
1096,Nales Plus 50mg/10mg Tablet,Spironolactone (50mg) + Torasemide (10mg)
1098,Natazolcin Tablet,Ofloxacin (200mg) + Ornidazole (500mg)
1099,Natly 300mg Injection,Netilmicin (300mg)
1100,Necflo-OZ 200mg/500mg Tablet,Ofloxacin (200mg) + Ornidazole (500mg)
1101,Nefro ACT 500mg/150mg Tablet,Taurine (500mg) + Acetylcysteine (150mg)
1103,Nefrosave Tablet,Taurine (500mg) + Acetylcysteine (150mg)
1105,Nefrozon Tablet,Taurine (500mg) + Acetylcysteine (150mg)
1107,Neocip 500mg Tablet,Ciprofloxacin (500mg)
1108,Neokanyn 750mg Injection,Kanamycin (750mg)
1109,Nersave Trio 75mg/10mg/1500mcg Tablet,Pregabalin (75mg) + Nortriptyline (10mg) + Methylcobalamin (1500mcg)
1110,Nervedoc Mnt 75mg/10mg/1500mcg Tablet,Pregabalin (75mg) + Nortriptyline (10mg) + Methylcobalamin (1500mcg)
1111,Nervedol NT 75mg/10mg/1500mcg Tablet,Pregabalin (75mg) + Nortriptyline (10mg) + Methylcobalamin (1500mcg)
1112,Nerventa Tablet,Pregabalin (75mg) + Nortriptyline (10mg) + Methylcobalamin (1500mcg)
1113,Nervic-PN Tablet,Pregabalin (75mg) + Nortriptyline (10mg) + Methylcobalamin (1500mcg)
1114,Nervigud Npp 75mg/10mg/1500mcg Tablet,Pregabalin (75mg) + Nortriptyline (10mg) + Methylcobalamin (1500mcg)
1115,Nervijen-NP Tablet,Pregabalin (75mg) + Nortriptyline (10mg) + Methylcobalamin (1500mcg)
1116,Nervilift NT 75mg/10mg/1500mcg Tablet,Pregabalin (75mg) + Nortriptyline (10mg) + Methylcobalamin (1500mcg)
1117,Nervite Plus Tablet,Pregabalin (75mg) + Nortriptyline (10mg) + Methylcobalamin (1500mcg)
1118,Nestin 2.6mg Tablet CR,Nitroglycerin (2.6mg)
1119,Neticin 300mg Injection,Netilmicin (300mg)
1120,Netilcin 300mg Injection,Netilmicin (300mg)
1121,Netilmac 300mg Injection,Netilmicin (300mg)
1122,Netilmycin 300mg Injection,Netilmicin (300mg)
1123,Netlee 300mg Injection,Netilmicin (300mg)
1124,Netlifit 300mg Injection,Netilmicin (300mg)
1125,Netlimix 300mg Injection,Netilmicin (300mg)
1126,Netlison 300mg Injection,Netilmicin (300mg)
1127,Netlymeg 300mg Injection,Netilmicin (300mg)
1128,Netmicin 300mg Injection,Netilmicin (300mg)
1129,Netnox 300mg Injection,Netilmicin (300mg)
1130,Netromax 300mg Injection,Netilmicin (300mg)
1131,Netromycin 300mg Injection,Netilmicin (300mg)
1132,Netsafe 300mg Injection,Netilmicin (300mg)
1133,Netspan 300mg Injection,Netilmicin (300mg)
1134,Neurodin-Total Tablet,Pregabalin (75mg) + Nortriptyline (10mg) + Methylcobalamin (1500mcg)
1135,Neuzol 400mg Tablet,Metronidazole (400mg)
1136,New GTN 2.6 Tablet CR,Nitroglycerin (2.6mg)
1137,Nex Oz 200mg/500mg Tablet,Ofloxacin (200mg) + Ornidazole (500mg)
1138,NGT Care 2.6 Tablet CR,Nitroglycerin (2.6mg)
1139,Nicerin 2.6mg Tablet CR,Nitroglycerin (2.6mg)
1140,Nida OZ Tablet,Ofloxacin (200mg) + Ornidazole (500mg)
1141,Nidflox Tablet,Ofloxacin (200mg) + Ornidazole (500mg)
1142,Niolox OZ Tablet,Ofloxacin (200mg) + Ornidazole (500mg)
1143,Niomox CV 500 mg/125 mg Tablet,Amoxycillin (500mg) + Clavulanic Acid (125mg)
1144,Nircip 500mg Tablet,Ciprofloxacin (500mg)
1145,Nitoday 2.6mg Tablet CR,Nitroglycerin (2.6mg)
1146,Nitrocontin 2.6 Tablet CR,Nitroglycerin (2.6mg)
1147,Nitro-G 2.6 Tablet CR,Nitroglycerin (2.6mg)
1148,Nitroglace 2.6 CR Tablet,Nitroglycerin (2.6mg)
1149,Nitrohart Tablet,Isosorbide Dinitrate (20mg) + Hydralazine (37.5mg)
1150,Nitrolife 2.6 Tablet CR,Nitroglycerin (2.6mg)
1151,Nitrolip 2.6mg Tablet CR,Nitroglycerin (2.6mg)
1152,Nitrolong 2.6 Tablet CR,Nitroglycerin (2.6mg)
1153,Nitrophic 2.6 Tablet CR,Nitroglycerin (2.6mg)
1154,Nitroquick 2.6 Tablet CR,Nitroglycerin (2.6mg)
1155,Nitrovib 2.6 Tablet CR,Nitroglycerin (2.6mg)
1156,Nitrozan 2.6mg Tablet CR,Nitroglycerin (2.6mg)
1157,Nizcaine Gel Orange Sugar Free,Magaldrate (540mg/5ml) + Simethicone (50mg/5ml) + Oxetacaine (10mg/5ml)
1159,Noangina 2.6mg Tablet CR,Nitroglycerin (2.6mg)
1160,Nocet OZ 200mg/500mg Tablet,Ofloxacin (200mg) + Ornidazole (500mg)
1161,Nodosis GST Tablet,Sodium Bicarbonate (500mg)
1163,Nodosis Tablet,Sodium Bicarbonate (500mg)
1165,Nomod Tablet,Ofloxacin (200mg) + Ornidazole (500mg)
1166,Nordys 400 Tablet,Rifaximin (400mg)
1167,Normalip 10 Tablet,Rosuvastatin (10mg)
1168,Normaxin RT Tablet,Chlordiazepoxide (5mg) + Clidinium (2.5mg) + Dicyclomine (10mg) + Rabeprazole (10mg)
1170,Normet R 100mg Capsule,Racecadotril(100mg)
1172,Normet Tablet,Ofloxacin (200mg) + Ornidazole (500mg)
1173,Nortimax 75mg/10mg/1500mcg Tablet,Pregabalin (75mg) + Nortriptyline (10mg) + Methylcobalamin (1500mcg)
1174,Nortyp M 75mg/10mg/1500mcg Tablet,Pregabalin (75mg) + Nortriptyline (10mg) + Methylcobalamin (1500mcg)
1175,Novaclav 625 Tablet,Amoxycillin (500mg) + Clavulanic Acid (125mg)
1176,Novamox CV 625mg Tablet,Amoxycillin (500mg) + Clavulanic Acid (125mg)
1177,Novastat 10 Tablet,Rosuvastatin (10mg)
1178,Novolac R 100mg Capsule,Racecadotril(100mg)
1180,Ntgn 2.6 Tablet CR,Nitroglycerin (2.6mg)
1181,Nucyclo 20mg/500mg Tablet,Dicyclomine (20mg) + Paracetamol (500mg)
1183,Nurator Tablet,Pregabalin (75mg) + Nortriptyline (10mg) + Methylcobalamin (1500mcg)
1184,Nuroaxm-NT Tablet,Pregabalin (75mg) + Nortriptyline (10mg) + Methylcobalamin (1500mcg)
1185,Nuromic Trio 75mg/10mg/1500mcg Tablet,Pregabalin (75mg) + Nortriptyline (10mg) + Methylcobalamin (1500mcg)
1186,Nuromox CV 500 mg/125 mg Tablet,Amoxycillin (500mg) + Clavulanic Acid (125mg)
1187,Nurospn Plus 75mg/10mg/1500mcg Tablet,Pregabalin (75mg) + Nortriptyline (10mg) + Methylcobalamin (1500mcg)
1188,Nuroward Plus 75mg/10mg/1500mcg Tablet,Pregabalin (75mg) + Nortriptyline (10mg) + Methylcobalamin (1500mcg)
1189,Nuslog P 20mg/325mg Tablet,Dicyclomine (20mg) + Paracetamol (325mg)
1191,Nutragel IR Oral Suspension,Magaldrate (540mg/5ml) + Simethicone (50mg/5ml) + Oxetacaine (10mg/5ml)
1193,Nuvigil MN 75mg/10mg/1500mcg Tablet,Pregabalin (75mg) + Nortriptyline (10mg) + Methylcobalamin (1500mcg)
1194,Nvroc 75mg/10mg/1500mcg Tablet,Pregabalin (75mg) + Nortriptyline (10mg) + Methylcobalamin (1500mcg)
1195,O Bio OZ Tablet,Ofloxacin (200mg) + Ornidazole (500mg)
1196,O Ron O Tablet,Ofloxacin (200mg) + Ornidazole (500mg)
1197,O&O Tablet,Ofloxacin (200mg) + Ornidazole (500mg)
1198,O2 Tablet,Ofloxacin (200mg) + Ornidazole (500mg)
1199,Obact OZ Tablet,Ofloxacin (200mg) + Ornidazole (500mg)
1200,Obactin OZ Tablet,Ofloxacin (200mg) + Ornidazole (500mg)
1201,Ocillus Tablet,Lactobacillus (60Million spores)
1203,Ociz OR Tablet,Ofloxacin (200mg) + Ornidazole (500mg)
1204,Octamox CV 500 mg/125 mg Tablet,Amoxycillin (500mg) + Clavulanic Acid (125mg)
1205,Octocid Oral Suspension Mint Sugar Free,Magaldrate (400mg/5ml) + Simethicone (60mg/5ml)
1207,Ocuvir 400 DT Tablet,Acyclovir (400mg)
1208,Odacin 200mg/500mg Tablet,Ofloxacin (200mg) + Ornidazole (500mg)
1209,Odanse 4mg Tablet MD,Ondansetron (4mg)
1211,Odic 10mg/10mg Tablet,Omeprazole (10mg) + Dicyclomine (10mg)
1213,Odutch Tablet,Ofloxacin (200mg) + Ornidazole (500mg)
1214,OF & OR Tablet,Ofloxacin (200mg) + Ornidazole (500mg)
1215,Ofag OZ 200mg/500mg Tablet,Ofloxacin (200mg) + Ornidazole (500mg)
1216,Ofanz OZ 200mg/500mg Tablet,Ofloxacin (200mg) + Ornidazole (500mg)
1217,Ofbid OZ Tablet,Ofloxacin (200mg) + Ornidazole (500mg)
1218,Ofc OZ Tablet,Ofloxacin (200mg) + Ornidazole (500mg)
1219,Ofclub-OZ Tablet,Ofloxacin (200mg) + Ornidazole (500mg)
1220,Ofdaz Tablet,Ofloxacin (200mg) + Ornidazole (500mg)
1221,Ofdin OZ 200mg/500mg Tablet,Ofloxacin (200mg) + Ornidazole (500mg)
1222,Oficer Tablet,Ofloxacin (200mg) + Ornidazole (500mg)
1223,Ofinizole Tablet,Ofloxacin (200mg) + Ornidazole (500mg)
1224,Ofkab OZ Tablet,Ofloxacin (200mg) + Ornidazole (500mg)
1225,Oflafast OZ 200mg/500mg Tablet,Ofloxacin (200mg) + Ornidazole (500mg)
1226,Oflagard O Tablet,Ofloxacin (200mg) + Ornidazole (500mg)
1227,Oflamed-OZ Tablet,Ofloxacin (200mg) + Ornidazole (500mg)
1228,Oflatab O Tablet,Ofloxacin (200mg) + Ornidazole (500mg)
1229,Oflazest OZ 200mg/500mg Tablet,Ofloxacin (200mg) + Ornidazole (500mg)
1230,Oflek-OZ Tablet,Ofloxacin (200mg) + Ornidazole (500mg)
1231,Ofler OZ 200mg/500mg Tablet,Ofloxacin (200mg) + Ornidazole (500mg)
1232,Oflict OZ Tablet,Ofloxacin (200mg) + Ornidazole (500mg)
1233,Oflin O 200mg/500mg Tablet,Ofloxacin (200mg) + Ornidazole (500mg)
1234,Oflobid OZ Tablet,Ofloxacin (200mg) + Ornidazole (500mg)
1235,Oflokay OZ Tablet,Ofloxacin (200mg) + Ornidazole (500mg)
1236,Oflokem OZ Tablet,Ofloxacin (200mg) + Ornidazole (500mg)
1237,Oflomac OZ Tablet,Ofloxacin (200mg) + Ornidazole (500mg)
1238,Oflomine OZ Tablet,Ofloxacin (200mg) + Ornidazole (500mg)
1239,Oflonor OZ 200mg/500mg Tablet,Ofloxacin (200mg) + Ornidazole (500mg)
1240,Ofloren OZ Tablet,Ofloxacin (200mg) + Ornidazole (500mg)
1241,Ofloriv OZ Tablet,Ofloxacin (200mg) + Ornidazole (500mg)
1242,Oflosyn OZ Tablet,Ofloxacin (200mg) + Ornidazole (500mg)
1243,Oflotag OZ Tablet,Ofloxacin (200mg) + Ornidazole (500mg)
1244,Oflotas-OZ Tablet,Ofloxacin (200mg) + Ornidazole (500mg)
1245,Oflovel OZ Tablet,Ofloxacin (200mg) + Ornidazole (500mg)
1246,Ofloyug-OZ Tablet,Ofloxacin (200mg) + Ornidazole (500mg)
1247,Ofly-OZ 200mg/500mg Tablet,Ofloxacin (200mg) + Ornidazole (500mg)
1248,Ofman OZ 200mg/500mg Tablet,Ofloxacin (200mg) + Ornidazole (500mg)
1249,Ofmed-OZ 200mg/500mg Tablet,Ofloxacin (200mg) + Ornidazole (500mg)
1250,Ofne OL 200mg/500mg Tablet,Ofloxacin (200mg) + Ornidazole (500mg)
1251,Ofo O Tablet,Ofloxacin (200mg) + Ornidazole (500mg)
1252,Oforc OZ 200mg/500mg Tablet,Ofloxacin (200mg) + Ornidazole (500mg)
1253,Oford Tablet,Ofloxacin (200mg) + Ornidazole (500mg)
1254,Oforn OZ Tablet,Ofloxacin (200mg) + Ornidazole (500mg)
1255,Ofprogen Plus Tablet,Ofloxacin (200mg) + Ornidazole (500mg)
1256,Ofrit OZ 200mg/500mg Tablet,Ofloxacin (200mg) + Ornidazole (500mg)
1257,Ofrun OZ Tablet,Ofloxacin (200mg) + Ornidazole (500mg)
1258,Ofsmith OZ 200mg/500mg Tablet,Ofloxacin (200mg) + Ornidazole (500mg)
1259,Ofstan OZ 200mg/500mg Tablet,Ofloxacin (200mg) + Ornidazole (500mg)
1260,Ofter OZ 200mg/500mg Tablet,Ofloxacin (200mg) + Ornidazole (500mg)
1261,Oftil OZ 200 mg/500 mg Tablet,Ofloxacin (200mg) + Ornidazole (500mg)
1262,Ofzo Tablet,Ofloxacin (200mg) + Ornidazole (500mg)
1263,Olate A 5 mg/50 mg Tablet,Amlodipine (5mg) + Atenolol (50mg)
1265,Olez 200mg/500mg Tablet,Ofloxacin (200mg) + Ornidazole (500mg)
1266,Olomen OZ 200mg/500mg Tablet,Ofloxacin (200mg) + Ornidazole (500mg)
1267,Olox OZ 200 mg/500 mg Tablet,Ofloxacin (200mg) + Ornidazole (500mg)
1268,Olsivir Capsule,Oseltamivir Phosphate (75mg)
1269,Oltaur OZ Tablet,Ofloxacin (200mg) + Ornidazole (500mg)
1270,Oltef RC 15mg/50mg Dry Syrup,Racecadotril (15mg) + Ofloxacin (50mg)
1272,Omeflox OZ Tablet,Ofloxacin (200mg) + Ornidazole (500mg)
1273,Omepraz HP 20mg/500mg/750mg Kit,Omeprazole (20mg) + Tinidazole (500mg) + Amoxycillin (750mg)
1275,Ometic 4mg Tablet MD,Ondansetron (4mg)
1277,Omfix 200mg Tablet,Cefixime (200mg)
1278,Omnicef-O 200mg Tablet,Cefixime (200mg)
1279,Omoxitin Kit,Omeprazole (20mg) + Tinidazole (500mg) + Amoxycillin (750mg)
1281,Ondem -MD 4 Tablet,Ondansetron (4mg)
1283,Ondero 5mg Tablet,Linagliptin (5mg)
1285,Ondewar 4mg Tablet MD,Ondansetron (4mg)
1287,Ondoray 4mg Tablet MD,Ondansetron (4mg)
1289,Ondy-MD Tablet,Ondansetron (4mg)
1291,Onflox O Tablet,Ofloxacin (200mg) + Ornidazole (500mg)
1292,Oniz O Tablet,Ofloxacin (200mg) + Ornidazole (500mg)
1293,Onoff OZ 200mg/500mg Tablet,Ofloxacin (200mg) + Ornidazole (500mg)
1294,Onris 4mg Tablet MD,Ondansetron (4mg)
1296,Onstir 4mg Tablet MD,Ondansetron (4mg)
1298,OPD-OZ 200mg/500mg Tablet,Ofloxacin (200mg) + Ornidazole (500mg)
1299,Opec OZ Tablet,Ofloxacin (200mg) + Ornidazole (500mg)
1300,Optra OZ Tablet,Ofloxacin (200mg) + Ornidazole (500mg)
1301,Oqueen OZ 200mg/500mg Tablet,Ofloxacin (200mg) + Ornidazole (500mg)
1302,Ordent Tablet,Ofloxacin (200mg) + Ornidazole (500mg)
1303,Orflo Tablet,Ofloxacin (200mg) + Ornidazole (500mg)
1304,Orizin Tablet,Ofloxacin (200mg) + Ornidazole (500mg)
1305,Ornamac 200 mg/500 mg Tablet,Ofloxacin (200mg) + Ornidazole (500mg)
1306,Ornavolt 3D 75mg/10mg/1500mcg Tablet,Pregabalin (75mg) + Nortriptyline (10mg) + Methylcobalamin (1500mcg)
1307,Ornibol 200mg/500mg Tablet,Ofloxacin (200mg) + Ornidazole (500mg)
1308,Ornilox Tablet,Ofloxacin (200mg) + Ornidazole (500mg)
1309,Orni-O Tablet,Ofloxacin (200mg) + Ornidazole (500mg)
1310,Orniquin Tablet,Ofloxacin (200mg) + Ornidazole (500mg)
1311,Ornistar 200mg/500mg Tablet,Ofloxacin (200mg) + Ornidazole (500mg)
1312,Ornivil Tablet,Ofloxacin (200mg) + Ornidazole (500mg)
1313,Ornof Tablet,Ofloxacin (200mg) + Ornidazole (500mg)
1314,Orocef 200mg Tablet,Cefixime (200mg)
1315,Oro-CV 625 Tablet,Amoxycillin (500mg) + Clavulanic Acid (125mg)
1316,Ortispasm 20mg/500mg Tablet,Dicyclomine (20mg) + Paracetamol (500mg)
1318,Orvas-FT Tablet,Atorvastatin (10mg) + Fenofibrate (160mg)
1319,Osani O Tablet,Ofloxacin (200mg) + Ornidazole (500mg)
1320,Oselow 75 Capsule,Oseltamivir Phosphate (75mg)
1321,Osil Capsule,Calcium Dobesilate (500mg)
1322,Osorifa 450mg Capsule,Rifampicin (450mg)
1323,Ospin OZ Tablet,Ofloxacin (200mg) + Ornidazole (500mg)
1324,Otago-O 200mg/500mg Tablet,Ofloxacin (200mg) + Ornidazole (500mg)
1325,Otic O 200mg/500mg Tablet,Ofloxacin (200mg) + Ornidazole (500mg)
1326,Otras OZ Tablet,Ofloxacin (200mg) + Ornidazole (500mg)
1327,Out Tablet,Ofloxacin (200mg) + Ornidazole (500mg)
1328,Oviba OZ Tablet,Ofloxacin (200mg) + Ornidazole (500mg)
1329,Owino Z 200 mg/500 mg Tablet,Ofloxacin (200mg) + Ornidazole (500mg)
1330,Oxacin-OZ Tablet,Ofloxacin (200mg) + Ornidazole (500mg)
1331,Oxact OZ 200 mg/500 mg Tablet,Ofloxacin (200mg) + Ornidazole (500mg)
1332,Oxanid Tablet,Ofloxacin (200mg) + Ornidazole (500mg)
1333,Oxashil OZ 200mg/500mg Tablet,Ofloxacin (200mg) + Ornidazole (500mg)
1334,Oxf OZ Tablet,Ofloxacin (200mg) + Ornidazole (500mg)
1335,Oxfact Oral Suspension,Sucralfate (1000mg)
1337,OZ 200mg/500mg Tablet,Ofloxacin (200mg) + Ornidazole (500mg)
1338,Ozmax 200 mg/500 mg Tablet,Ofloxacin (200mg) + Ornidazole (500mg)
1339,Ozorac 200mg/500mg Tablet,Ofloxacin (200mg) + Ornidazole (500mg)
1340,Ozotron 4mg Tablet MD,Ondansetron (4mg)
1342,Ozovas-F Tablet,Atorvastatin (10mg) + Fenofibrate (160mg)
1343,Panzer 500mg Tablet,Ciprofloxacin (500mg)
1344,Pegner Plus 75mg/10mg/1500mcg Tablet,Pregabalin (75mg) + Nortriptyline (10mg) + Methylcobalamin (1500mcg)
1345,Pencil 50mg Tablet,Cilostazol (50mg)
1346,Penclav 625 Tablet,Amoxycillin (500mg) + Clavulanic Acid (125mg)
1347,Penom Clav 500mg/125mg Tablet,Amoxycillin (500mg) + Clavulanic Acid (125mg)
1348,Pentis OZ Tablet,Ofloxacin (200mg) + Ornidazole (500mg)
1349,Pepsigard Junior 500mg/5ml Syrup,Sucralfate (500mg/5ml)
1351,Pergab NM 75mg/10mg/1500mcg Tablet,Pregabalin (75mg) + Nortriptyline (10mg) + Methylcobalamin (1500mcg)
1352,Periset MD Tablet,Ondansetron (4mg)
1354,Pexoclav 625 Tablet,Amoxycillin (500mg) + Clavulanic Acid (125mg)
1355,Pin OZ 200 mg/500 mg Tablet,Ofloxacin (200mg) + Ornidazole (500mg)
1356,Pleotor T Tablet 40mg/10mg,Telmisartan (40mg) + Atorvastatin (10mg)
1358,Pletameg 50mg Tablet,Cilostazol (50mg)
1359,Plexmin 400 Tablet,Rifaximin (400mg)
1360,Poki-Z 200mg/500mg Tablet,Ofloxacin (200mg) + Ornidazole (500mg)
1361,Polka OZ 200mg/500mg Tablet,Ofloxacin (200mg) + Ornidazole (500mg)
1362,Polyclav 625mg Tablet,Amoxycillin (500mg) + Clavulanic Acid (125mg)
1363,Polynerve NT Tablet,Pregabalin (75mg) + Nortriptyline (10mg) + Methylcobalamin (1500mcg)
1364,Pox 500mg Tablet,Ciprofloxacin (500mg)
1365,Prebris-MNT Tablet,Pregabalin (75mg) + Nortriptyline (10mg) + Methylcobalamin (1500mcg)
1366,Pregabanyl NTM Tablet,Pregabalin (75mg) + Nortriptyline (10mg) + Methylcobalamin (1500mcg)
1367,Pregabawal Ntm 75mg/10mg/1500mcg Tablet,Pregabalin (75mg) + Nortriptyline (10mg) + Methylcobalamin (1500mcg)
1368,Pregabid MNT Tablet,Pregabalin (75mg) + Nortriptyline (10mg) + Methylcobalamin (1500mcg)
1369,Pregadib-MN Tablet,Pregabalin (75mg) + Nortriptyline (10mg) + Methylcobalamin (1500mcg)
1370,Pregaglare NT 75mg/10mg/1500mcg Tablet,Pregabalin (75mg) + Nortriptyline (10mg) + Methylcobalamin (1500mcg)
1371,Pregalift Plus 75mg/10mg/1500mcg Tablet,Pregabalin (75mg) + Nortriptyline (10mg) + Methylcobalamin (1500mcg)
1372,Pregaque NT Tablet,Pregabalin (75mg) + Nortriptyline (10mg) + Methylcobalamin (1500mcg)
1373,Pregarex NT 75mg/10mg/1500mcg Tablet,Pregabalin (75mg) + Nortriptyline (10mg) + Methylcobalamin (1500mcg)
1374,Pregarich MN 75mg/10mg/1500mcg Tablet,Pregabalin (75mg) + Nortriptyline (10mg) + Methylcobalamin (1500mcg)
1375,Pregason Total 75mg/10mg/1500mcg Tablet,Pregabalin (75mg) + Nortriptyline (10mg) + Methylcobalamin (1500mcg)
1376,Pregathree Tablet,Pregabalin (75mg) + Nortriptyline (10mg) + Methylcobalamin (1500mcg)
1377,Pregmic MN Tablet,Pregabalin (75mg) + Nortriptyline (10mg) + Methylcobalamin (1500mcg)
1378,Pregmin NT 75mg/10mg/1500mcg Tablet,Pregabalin (75mg) + Nortriptyline (10mg) + Methylcobalamin (1500mcg)
1379,Premnor Tablet,Pregabalin (75mg) + Nortriptyline (10mg) + Methylcobalamin (1500mcg)
1380,Preneu-NM 75mg/10mg/1500mcg Tablet,Pregabalin (75mg) + Nortriptyline (10mg) + Methylcobalamin (1500mcg)
1381,Prenig NT 75mg/10mg/1500mcg Tablet,Pregabalin (75mg) + Nortriptyline (10mg) + Methylcobalamin (1500mcg)
1382,Prenity Total 75mg/10mg/1500mcg Tablet,Pregabalin (75mg) + Nortriptyline (10mg) + Methylcobalamin (1500mcg)
1383,Prenos-NM Tablet,Pregabalin (75mg) + Nortriptyline (10mg) + Methylcobalamin (1500mcg)
1384,Prenuron M NT 75mg/10mg/1500mcg Tablet,Pregabalin (75mg) + Nortriptyline (10mg) + Methylcobalamin (1500mcg)
1385,Pretor Plus 50mg/10mg Tablet,Spironolactone (50mg) + Torasemide (10mg)
1387,Primaclav 500 mg/125 mg Tablet,Amoxycillin (500mg) + Clavulanic Acid (125mg)
1388,Primodil-AT Tablet,Amlodipine (5mg) + Atenolol (50mg)
1390,Princiclav 500 mg/125 mg Tablet,Amoxycillin (500mg) + Clavulanic Acid (125mg)
1391,Priof OZ Tablet,Ofloxacin (200mg) + Ornidazole (500mg)
1392,Pritel AT 40mg/10mg Tablet,Telmisartan (40mg) + Atorvastatin (10mg)
1394,Pritel M 40mg/50mg Tablet ER,Telmisartan (40mg) + Metoprolol Succinate (50mg)
1396,Procip 500mg Tablet,Ciprofloxacin (500mg)
1397,ProGG Sachet,Lactobacillus (5Billion cells)
1399,Prohox OZ 200 mg/500 mg Tablet,Ofloxacin (200mg) + Ornidazole (500mg)
1400,Prolac Tablet,Lactobacillus Sporogenes (60Million spores)
1402,Prolomet T 50 Tablet ER,Telmisartan (40mg) + Metoprolol Succinate (50mg)
1404,Prozactin 1000mg Tablet,Secnidazole (1000mg)
1405,Pruxa NM 75mg/10mg/1500mcg Tablet,Pregabalin (75mg) + Nortriptyline (10mg) + Methylcobalamin (1500mcg)
1406,Pydinac-T Tablet,Taurine (500mg) + Acetylcysteine (150mg)
1408,Qok ON 200 mg/500 mg Tablet,Ofloxacin (200mg) + Ornidazole (500mg)
1409,Qubid OZ Tablet,Ofloxacin (200mg) + Ornidazole (500mg)
1410,R Tril 100mg Capsule,Racecadotril(100mg)
1412,R2 10 Tablet,Rosuvastatin (10mg)
1413,Race F 100mg Capsule,Racecadotril(100mg)
1415,Racebase Junior Sachet,Racecadotril (15mg) + Saccharomyces boulardii (282.5mg) + Lactobacillus (100Million cells)
1417,Racedot 10mg Powder,Racecadotril (10mg)
1419,Raceloc 100mg Capsule,Racecadotril(100mg)
1421,Racelon 100mg Capsule,Racecadotril(100mg)
1423,Racestat 100mg Capsule,Racecadotril(100mg)
1425,Racet 100mg Capsule,Racecadotril(100mg)
1427,Racetril 100mg Capsule,Racecadotril(100mg)
1429,Racex 100mg Capsule,Racecadotril(100mg)
1431,Racigyl O 100mg/200mg Tablet,Racecadotril (100mg) + Ofloxacin (200mg)
1433,Racigyl O 15 mg/50 mg Dry Syrup,Racecadotril (15mg) + Ofloxacin (50mg)
1435,Racigyl SB Powder for Oral Solution,Racecadotril (15mg) + Saccharomyces boulardii (2.5Billion cells)
1437,Racotil 100mg Capsule,Racecadotril(100mg)
1439,Racy 10mg Sachet,Racecadotril (10mg)
1441,Radovib 100mg Capsule,Racecadotril(100mg)
1443,Rafix Tablet,Rifaximin (400mg)
1444,Rafle 400 Tablet,Rifaximin (400mg)
1445,Raftor Plus 50mg/10mg Tablet,Spironolactone (50mg) + Torasemide (10mg)
1447,Rale Syrup,Racecadotril (10mg/5ml)
1449,Ralocral Oral Suspension,Sucralfate (1000mg)
1451,Ralop 100mg Capsule,Racecadotril(100mg)
1453,RAMLO-AT 5MG/50MG TABLET,Amlodipine (5mg) + Atenolol (50mg)
1455,Ranidom-MPS Oral Suspension Cardamom Sugar Free,Magaldrate (400mg/5ml) + Simethicone (60mg/5ml)
1457,Ranispas NF 10mg/10mg Tablet,Omeprazole (10mg) + Dicyclomine (10mg)
1459,Rasidot 100mg Capsule,Racecadotril(100mg)
1461,Rastin 10mg Tablet,Rosuvastatin (10mg)
1462,Rational Plus 200 mg/500 mg Tablet,Ofloxacin (200mg) + Ornidazole (500mg)
1463,Rawdobe 500mg Capsule,Calcium Dobesilate (500mg)
1464,Rcifax 400 Tablet,Rifaximin (400mg)
1465,R-Cin 450 Capsule,Rifampicin (450mg)
1466,R-Cinex 600 Tablet,Rifampicin (600mg) + Isoniazid (300mg)
1467,Recablin Tablet,Pregabalin (75mg) + Nortriptyline (10mg) + Methylcobalamin (1500mcg)
1468,Recadot 100mg Capsule,Racecadotril(100mg)
1470,Recosulin N 100IU Injection,Insulin Isophane (100IU)
1473,Recosulin N 40IU/ml Injection,Insulin Isophane (40IU)
1475,Recreate NP 75mg/10mg/1500mcg Tablet,Pregabalin (75mg) + Nortriptyline (10mg) + Methylcobalamin (1500mcg)
1476,Redotil 100mg Capsule,Racecadotril(100mg)
1478,REDOTIL 30 MG SACHET,Racecadotril (30mg)
1480,Refato 400 Tablet,Rifaximin (400mg)
1481,Refexol 400 Tablet,Rifaximin (400mg)
1482,Regnor-Mnt Tablet,Pregabalin (75mg) + Nortriptyline (10mg) + Methylcobalamin (1500mcg)
1483,Regut 400mg Tablet,Rifaximin (400mg)
1484,Remiclav 625mg Tablet,Amoxycillin (500mg) + Clavulanic Acid (125mg)
1485,Remolac Tablet,Lactobacillus (60Million spores)
1487,Rempreg-M Plus Tablet,Pregabalin (75mg) + Nortriptyline (10mg) + Methylcobalamin (1500mcg)
1488,Renhope 500mg/150mg Tablet,Taurine (500mg) + Acetylcysteine (150mg)
1490,Renol 10 mg/10 mg Tablet,Omeprazole (10mg) + Dicyclomine (10mg)
1492,Renoxi Tablet,Taurine (500mg) + Acetylcysteine (150mg)
1494,Repine AT 5mg/50mg Tablet,Amlodipine (5mg) + Atenolol (50mg)
1496,Replug 400mg Tablet,Rifaximin (400mg)
1497,Resner Plus Tablet,Pregabalin (75mg) + Nortriptyline (10mg) + Methylcobalamin (1500mcg)
1498,Rest-AM Tablet,Amlodipine (5mg) + Atenolol (50mg)
1500,Retiver 500mg Capsule,Calcium Dobesilate (500mg)
1501,Retorlix SP 50mg/10mg Tablet,Spironolactone (50mg) + Torasemide (10mg)
1503,Retragut 400mg Tablet,Rifaximin (400mg)
1504,Retrakaz 400mg Tablet,Rifaximin (400mg)
1505,Revostat 10 Tablet,Rosuvastatin (10mg)
1506,Rexigut 400mg Tablet,Rifaximin (400mg)
1507,Rexinim 400 Tablet,Rifaximin (400mg)
1508,Rexivin 400mg Tablet,Rifaximin (400mg)
1509,Rexsibo 400mg Tablet,Rifaximin (400mg)
1510,RF 4 Kit,Isoniazid (300mg) + Rifampicin (450mg) + Ethambutol (800mg) + Pyrazinamide (750mg)
1511,RFX 400 Tablet,Rifaximin (400mg)
1512,Rhythm 500mg Capsule,Calcium Dobesilate (500mg)
1513,Ridhi-OZ 200mg/500mg Tablet,Ofloxacin (200mg) + Ornidazole (500mg)
1514,Ridzol 400mg Tablet,Metronidazole (400mg)
1515,Rifabet 400 Tablet,Rifaximin (400mg)
1516,Rifabiz 400mg Tablet,Rifaximin (400mg)
1517,Rifabrex 400mg Tablet,Rifaximin (400mg)
1518,Riface 400mg Tablet,Rifaximin (400mg)
1519,Rifacheck 400 Tablet,Rifaximin (400mg)
1520,Rifaclean 400mg Tablet,Rifaximin (400mg)
1521,Rifacure 450mg Capsule,Rifampicin (450mg)
1522,Rifacus 400mg Tablet,Rifaximin (400mg)
1523,Rifadac 400 Tablet,Rifaximin (400mg)
1524,Rifadox 400mg Tablet,Rifaximin (400mg)
1525,Rifadrate 400mg Tablet,Rifaximin (400mg)
1526,Rifadriv Tablet,Rifaximin (400mg)
1527,Rifafix 400mg Tablet,Rifaximin (400mg)
1528,Rifagen 400mg Tablet,Rifaximin (400mg)
1529,Rifagi 400mg Tablet,Rifaximin (400mg)
1530,Rifago 400mg Tablet,Rifaximin (400mg)
1531,Rifagrap 400 Tablet,Rifaximin (400mg)
1532,Rifagut 400 Tablet,Rifaximin (400mg)
1533,Rifajio 400mg Tablet,Rifaximin (400mg)
1534,Rifakem 400 Tablet,Rifaximin (400mg)
1535,Rifakos 400mg Tablet,Rifaximin (400mg)
1536,Rifalite 450mg Capsule,Rifampicin (450mg)
1537,Rifameg 400mg Tablet,Rifaximin (400mg)
1538,Rifamint 400mg Tablet,Rifaximin (400mg)
1539,RIFAMPILA 450MG CAPSULE,Rifampicin (450mg)
1540,Rifanid 400mg Tablet,Rifaximin (400mg)
1541,Rifanim 400mg Tablet,Rifaximin (400mg)
1542,Rifanip 400mg Tablet,Rifaximin (400mg)
1543,Rifanok 400mg Tablet,Rifaximin (400mg)
1544,Rifantos 400mg Tablet,Rifaximin (400mg)
1545,Rifapea 400mg Tablet,Rifaximin (400mg)
1546,Rifarest 400mg Tablet,Rifaximin (400mg)
1547,Rifarex 400mg Tablet,Rifaximin (400mg)
1548,Rifaril 400mg Tablet,Rifaximin (400mg)
1549,Rifaser 400mg Tablet,Rifaximin (400mg)
1550,Rifaset 400 Tablet,Rifaximin (400mg)
1551,Rifaster 400mg Tablet,Rifaximin (400mg)
1552,Rifastop 400 Tablet,Rifaximin (400mg)
1553,Rifasung 400mg Tablet,Rifaximin (400mg)
1554,Rifasyn 400mg Tablet,Rifaximin (400mg)
1555,Rifatis 400 Tablet,Rifaximin (400mg)
1556,Rifatra 400mg Tablet,Rifaximin (400mg)
1557,Rifawar 400mg Tablet,Rifaximin (400mg)
1558,Rifaxia 400 Tablet,Rifaximin (400mg)
1559,Rifaxigress 400 Tablet,Rifaximin (400mg)
1560,Rifaxigyl 400mg Tablet,Rifaximin (400mg)
1561,Rifaxim 400mg Tablet,Rifaximin (400mg)
1562,Rifaximax 400 Tablet,Rifaximin (400mg)
1563,Rifaxisal 400mg Tablet,Rifaximin (400mg)
1564,Rifaxon 400mg Tablet,Rifaximin (400mg)
1565,Rifaxor 400mg Tablet,Rifaximin (400mg)
1566,Rifazyle 400mg Tablet,Rifaximin (400mg)
1567,Rifazyp 400mg Tablet,Rifaximin (400mg)
1568,Rifeasy 400mg Tablet,Rifaximin (400mg)
1569,Rifem 400mg Tablet,Rifaximin (400mg)
1570,Rifgem 400mg Tablet,Rifaximin (400mg)
1571,Rifidor 400 Tablet,Rifaximin (400mg)
1572,Rifik 400 Tablet,Rifaximin (400mg)
1573,Rifintra 400mg Tablet,Rifaximin (400mg)
1574,Rifion 400mg Tablet,Rifaximin (400mg)
1575,Riflect 400mg Tablet,Rifaximin (400mg)
1576,Rifnim 400 Tablet,Rifaximin (400mg)
1577,Riforte 400mg Tablet,Rifaximin (400mg)
1578,Rifrix 400mg Tablet,Rifaximin (400mg)
1579,Rifvery 400 Tablet,Rifaximin (400mg)
1580,Rifwell 400mg Tablet,Rifaximin (400mg)
1581,Rimactazid Plus 600 mg/300 mg Tablet,Rifampicin (600mg) + Isoniazid (300mg)
1582,Rime 400mg Tablet,Rifaximin (400mg)
1583,Rimpacin 450mg Capsule,Rifampicin (450mg)
1584,Rimpin 450mg Capsule,Rifampicin (450mg)
1585,Ripim 450mg Capsule,Rifampicin (450mg)
1586,Rixmin 400 Tablet,Rifaximin (400mg)
1587,Rizix 400mg Tablet,Rifaximin (400mg)
1588,Roampin AT 5mg/50mg Tablet,Amlodipine (5mg) + Atenolol (50mg)
1590,Robeyflox OZ 200mg/500mg Tablet,Ofloxacin (200mg) + Ornidazole (500mg)
1591,Roclav 625 Tablet,Amoxycillin (500mg) + Clavulanic Acid (125mg)
1592,Rodaril 100mg Capsule,Racecadotril(100mg)
1594,Rohispas 20mg/500mg Tablet,Dicyclomine (20mg) + Paracetamol (500mg)
1596,Rolip 10mg Tablet,Rosuvastatin (10mg)
1597,Rolipex 10 Tablet,Rosuvastatin (10mg)
1598,Rombiflox OZ 200 mg/500 mg Tablet,Ofloxacin (200mg) + Ornidazole (500mg)
1599,Romox CL 500 mg/125 mg Tablet,Amoxycillin (500mg) + Clavulanic Acid (125mg)
1600,Ronclav 625 Tablet,Amoxycillin (500mg) + Clavulanic Acid (125mg)
1601,Rontap 100mg Capsule,Racecadotril(100mg)
1603,Rosiclav Tablet,Amoxycillin (500mg) + Clavulanic Acid (125mg)
1604,Roslaren 10 Tablet,Rosuvastatin (10mg)
1605,Rosmi 10 Tablet,Rosuvastatin (10mg)
1606,Rost 10 Tablet,Rosuvastatin (10mg)
1607,Rosubest 10 Tablet,Rosuvastatin (10mg)
1608,Rosubid 10mg Tablet,Rosuvastatin (10mg)
1609,Rosuchek 10mg Tablet,Rosuvastatin (10mg)
1610,Rosuchol 10mg Tablet,Rosuvastatin (10mg)
1611,Rosucrest 10 Tablet,Rosuvastatin (10mg)
1612,Rosu-Dalcare 10 Tablet,Rosuvastatin (10mg)
1613,Rosufid 10mg Tablet,Rosuvastatin (10mg)
1614,Rosufit 10 Tablet,Rosuvastatin (10mg)
1615,Rosuflo 10 Tablet,Rosuvastatin (10mg)
1616,Rosukaa 10 Tablet,Rosuvastatin (10mg)
1617,Rosukem 10 Tablet,Rosuvastatin (10mg)
1618,Rosulip 10 Tablet,Rosuvastatin (10mg)
1619,Rosur 10 Tablet,Rosuvastatin (10mg)
1620,Rosurica 10 Tablet,Rosuvastatin (10mg)
1621,Rosutime 10mg Tablet,Rosuvastatin (10mg)
1622,Rosvin 10 Tablet,Rosuvastatin (10mg)
1623,Rosycap 10 Tablet,Rosuvastatin (10mg)
1624,Rosys 10 Tablet,Rosuvastatin (10mg)
1625,Rozavel 10 Tablet,Rosuvastatin (10mg)
1626,Rozden 10mg Tablet,Rosuvastatin (10mg)
1627,Rozon 10 Tablet,Rosuvastatin (10mg)
1628,Roztek 10mg Tablet,Rosuvastatin (10mg)
1629,Rozucor 10 Tablet,Rosuvastatin (10mg)
1630,Rticlav 500mg/125mg Tablet,Amoxycillin (500mg) + Clavulanic Acid (125mg)
1631,Rucam 400mg Tablet,Rifaximin (400mg)
1632,Rutin CD Capsule,Calcium Dobesilate (500mg)
1633,Rxmin 400mg Tablet,Rifaximin (400mg)
1634,Rxtor 10 Tablet,Rosuvastatin (10mg)
1635,Ryfate 1000mg Oral Suspension,Sucralfate (1000mg)
1637,Ryfxacare 400 Tablet,Rifaximin (400mg)
1638,Rzcv 500mg/125mg Tablet,Amoxycillin (500mg) + Clavulanic Acid (125mg)
1639,S Cool Suspension,Sucralfate (500mg/5ml) + Oxetacaine (10mg/5ml)
1641,S Zole 1gm Tablet,Secnidazole (1000mg)
1642,Sacctik Plus Oral Suspension (5ml Each),Bacillus Clausii (2Billion Spores)
1644,Sacharom Sachet,Saccharomyces boulardii (282.5mg)
1646,Sacrolyte Plus Sachet,Racecadotril (10mg) + Saccharomyces boulardii (2.5Billion CFU) + Lactobacillus (100Million spores)
1648,Sacutan 50 Tablet,Sacubitril (24mg) + Valsartan (26mg)
1650,Saiten AT 5mg/50mg Tablet,Amlodipine (5mg) + Atenolol (50mg)
1652,Sanoxil OZ 200mg/500mg Tablet,Ofloxacin (200mg) + Ornidazole (500mg)
1653,Sargut 400mg Tablet,Rifaximin (400mg)
1654,Saril Tablet,Ofloxacin (200mg) + Ornidazole (500mg)
1655,Sartace H 2.5 mg/50 mg/12.5 mg Tablet,Ramipril (2.5mg) + Losartan (50mg) + Hydrochlorothiazide (12.5mg)
1657,Sartel-Beta 50 Tablet ER,Telmisartan (40mg) + Metoprolol Succinate (50mg)
1659,Scorcino 200 mg/500 mg Tablet,Ofloxacin (200mg) + Ornidazole (500mg)
1660,Sec 1000mg Tablet,Secnidazole (1000mg)
1661,Seclong DS 1000mg Tablet,Secnidazole (1000mg)
1662,Secnida Forte 1000mg Tablet,Secnidazole (1000mg)
1663,Secnil Forte Tablet,Secnidazole (1000mg)
1664,Secnitor 1000mg Tablet,Secnidazole (1000mg)
1665,Secwin Forte 1000mg Tablet,Secnidazole (1000mg)
1666,Seczol DS 1000mg Tablet,Secnidazole (1000mg)
1667,Seecarb 500mg Tablet,Sodium Bicarbonate (500mg)
1669,Seflox OZ 200mg/500mg Tablet,Ofloxacin (200mg) + Ornidazole (500mg)
1670,Sensiclav 625 Tablet,Amoxycillin (500mg) + Clavulanic Acid (125mg)
1671,Sepamet-XR 50mg/500mg Tablet,Sitagliptin (50mg) + Metformin (500mg)
1674,Septicure O 200 mg/500 mg Tablet,Ofloxacin (200mg) + Ornidazole (500mg)
1675,Septoclav 500 mg/125 mg Tablet,Amoxycillin (500mg) + Clavulanic Acid (125mg)
1676,Serviflox 500mg Tablet,Ciprofloxacin (500mg)
1677,Setsibo 400 Tablet,Rifaximin (400mg)
1678,Sez Forte 1gm Tablet,Secnidazole (1000mg)
1679,Shilof OZ 200 mg/500 mg Tablet,Ofloxacin (200mg) + Ornidazole (500mg)
1680,Shinofen 160mg Tablet,Fenofibrate (160mg)
1681,Sibocure 400 Tablet,Rifaximin (400mg)
1682,Sibofix 400 Tablet,Rifaximin (400mg)
1683,Siglimepol Tablet,Sitagliptin (50mg) + Metformin (500mg)
1686,Simjest Oral Suspension Sugar Free,Magaldrate (400mg/5ml) + Simethicone (60mg/5ml)
1688,Sitadac-M Tablet,Sitagliptin (50mg) + Metformin (500mg)
1691,Snida 1000mg Tablet,Secnidazole (1000mg)
1692,Snolox OZ 200mg/500mg Tablet,Ofloxacin (200mg) + Ornidazole (500mg)
1693,Sobisis EC 500 Tablet,Sodium Bicarbonate (500mg)
1695,Sobiup 500mg Tablet,Sodium Bicarbonate (500mg)
1697,Sobosis EC 500mg Tablet,Sodium Bicarbonate (500mg)
1699,Sodanet 500mg Tablet,Sodium Bicarbonate (500mg)
1701,Sodanet Gst 500 Tablet,Sodium Bicarbonate (500mg)
1703,Sodbic 500mg Tablet,Sodium Bicarbonate (500mg)
1705,Sofit 1000mg Oral Suspension,Sucralfate (1000mg)
1707,Soglin Plus 75mg/10mg/1500mcg Tablet,Pregabalin (75mg) + Nortriptyline (10mg) + Methylcobalamin (1500mcg)
1708,Solacid-O Suspension Sugar Free,Oxetacaine (10mg/5ml) + Aluminium Hydroxide (300mg/5ml) + Magnesium Trisilicate (150mg/5ml) + Milk Of Magnesia (100mg/5ml) + Simethicone (25mg/5ml)
1710,Sonaxa Trio Tablet,Pregabalin (75mg) + Nortriptyline (10mg) + Methylcobalamin (1500mcg)
1711,Sorbitrate HF Tablet,Isosorbide Dinitrate (20mg) + Hydralazine (37.5mg)
1712,Sparacid Syrup,Sucralfate (500mg/5ml)
1714,Spasmokop 20 mg/500 mg Tablet,Dicyclomine (20mg) + Paracetamol (500mg)
1716,Spasmonil 20mg/325mg Tablet,Dicyclomine (20mg) + Paracetamol (325mg)
1718,Spasmorid 20mg/325mg Tablet,Dicyclomine (20mg) + Paracetamol (325mg)
1720,Spaspokran Capsule,Dicyclomine (10mg) + Paracetamol (325mg) + Tramadol (50mg)
1722,Spaswel 20mg/500mg Tablet,Dicyclomine (20mg) + Paracetamol (500mg)
1724,Sperg OZ Tablet,Ofloxacin (200mg) + Ornidazole (500mg)
1725,Speronden 4mg Tablet MD,Ondansetron (4mg)
1727,Sporolab Tablet,Lactobacillus (120Million spores)
1729,Sprot P 400mg Tablet,Metronidazole (400mg)
1730,STALIA A TABLET 40 MG/10 MG,Telmisartan (40mg) + Atorvastatin (10mg)
1732,Stamlo Beta Tablet,Amlodipine (5mg) + Atenolol (50mg)
1734,Stanlip 160mg Tablet,Fenofibrate (160mg)
1735,Stanpen CV 500mg/125mg Tablet,Amoxycillin (500mg) + Clavulanic Acid (125mg)
1736,Starcad-T 50 Tablet ER,Telmisartan (40mg) + Metoprolol Succinate (50mg)
1738,Starcin OZ 200mg/500mg Tablet,Ofloxacin (200mg) + Ornidazole (500mg)
1739,Starflu 75mg Capsule,Oseltamivir Phosphate (75mg)
1740,Starpress T 50-XL Tablet,Telmisartan (40mg) + Metoprolol Succinate (50mg)
1742,Statix F Tablet,Atorvastatin (10mg) + Fenofibrate (160mg)
1743,StayHappi Ivabradine 5mg Tablet,Ivabradine (5mg)
1744,StayHappi Telmisartan+Atorvastatin 40mg/10mg Tablet,Telmisartan (40mg) + Atorvastatin (10mg)
1746,Stefi 200mg Tablet,Cefixime (200mg)
1747,Stiloz 50 Tablet,Cilostazol (50mg)
1748,Stozic 50 Tablet,Cilostazol (50mg)
1749,Strolox OZ Tablet,Ofloxacin (200mg) + Ornidazole (500mg)
1750,Sucid 1000mg Oral Suspension,Sucralfate (1000mg)
1752,Suco-Fast Oral Suspension,Sucralfate (1000mg)
1754,Sucotia 1000mg Oral Suspension,Sucralfate (1000mg)
1756,Sucra Relcer 1000mg Oral Suspension,Sucralfate (1000mg)
1758,Sucracare 1000mg Oral Suspension,Sucralfate (1000mg)
1760,Sucracid 500mg/5ml Syrup,Sucralfate (500mg/5ml)
1762,Sucracon 1000mg Oral Suspension,Sucralfate (1000mg)
1764,Sucradel 1000mg Oral Suspension,Sucralfate (1000mg)
1766,Sucrafil O Gel Sugar Free,Sucralfate (500mg/5ml) + Oxetacaine (10mg/5ml)
1768,Sucragel 1000mg Oral Suspension,Sucralfate (1000mg)
1770,Sucral Suspension,Sucralfate (1000mg)
1772,Sucralcoat O Suspension,Sucralfate (500mg/5ml) + Oxetacaine (10mg/5ml)
1774,Sucranova 1000mg Oral Suspension,Sucralfate (1000mg)
1776,Sucraton 1000mg Oral Suspension,Sucralfate (1000mg)
1778,Sucromaxx 1000mg Oral Suspension,Sucralfate (1000mg)
1780,Sukraget 1000mg Oral Suspension,Sucralfate (1000mg)
1782,Sultatin 10 Tablet,Rosuvastatin (10mg)
1783,Sumo L Spas Tablet,Dicyclomine (20mg) + Paracetamol (325mg)
1785,Supranerv NP 75mg/10mg/1500mcg Tablet,Pregabalin (75mg) + Nortriptyline (10mg) + Methylcobalamin (1500mcg)
1786,Suzilac Tablet,Lactobacillus (60Million spores)
1788,Swiflox 500mg Tablet,Ciprofloxacin (500mg)
1789,Swift 500mg Capsule,Calcium Dobesilate (500mg)
1790,Symbiotik XL 625 Tablet,Amoxycillin (500mg) + Clavulanic Acid (125mg)
1791,Symflox OZ 200mg/500mg Tablet,Ofloxacin (200mg) + Ornidazole (500mg)
1792,Synaps-NT Tablet,Pregabalin (75mg) + Nortriptyline (10mg) + Methylcobalamin (1500mcg)
1793,Synbiox Tablet,Amoxycillin (500mg) + Clavulanic Acid (125mg)
1794,Talocin OZ 200 mg/500 mg Tablet,Ofloxacin (200mg) + Ornidazole (500mg)
1795,Tamlod AT 5mg/50mg Tablet,Amlodipine (5mg) + Atenolol (50mg)
1797,Tanox OZ Tablet,Ofloxacin (200mg) + Ornidazole (500mg)
1798,Taurif 450mg Capsule,Rifampicin (450mg)
1799,Taxim-O 200 Tablet,Cefixime (200mg)
1800,Tazpure-Beta 50 Tablet ER,Telmisartan (40mg) + Metoprolol Succinate (50mg)
1802,Tekaira M 40mg/50mg Tablet ER,Telmisartan (40mg) + Metoprolol Succinate (50mg)
1804,Telcure Beta 40mg/50mg Tablet ER,Telmisartan (40mg) + Metoprolol Succinate (50mg)
1806,Telday AV 40mg/10mg Tablet,Telmisartan (40mg) + Atorvastatin (10mg)
1808,Telday M 50 Tablet ER,Telmisartan (40mg) + Metoprolol Succinate (50mg)
1810,Teleact Beta 50 Tablet ER,Telmisartan (40mg) + Metoprolol Succinate (50mg)
1812,Teleact St 40 Tablet,Telmisartan (40mg) + Atorvastatin (10mg)
1814,Telesort-MT Tablet ER,Telmisartan (40mg) + Metoprolol Succinate (50mg)
1816,Telexia-M 50 Tablet ER,Telmisartan (40mg) + Metoprolol Succinate (50mg)
1818,Telfive Beta 40mg/50mg Tablet ER,Telmisartan (40mg) + Metoprolol Succinate (50mg)
1820,Teliquest Beta 40mg/50mg Tablet ER,Telmisartan (40mg) + Metoprolol Succinate (50mg)
1822,Telista Plus 40 Tablet,Telmisartan (40mg) + Atorvastatin (10mg)
1824,Tellzy-MT 50 Tablet ER,Telmisartan (40mg) + Metoprolol Succinate (50mg)
1826,Telma-Beta 50 Tablet ER,Telmisartan (40mg) + Metoprolol Succinate (50mg)
1828,Telmade Beta 40mg/50mg Tablet ER,Telmisartan (40mg) + Metoprolol Succinate (50mg)
1830,Telmaxx 50 Tablet ER,Telmisartan (40mg) + Metoprolol Succinate (50mg)
1832,Telmijub Beta 50 Tablet ER,Telmisartan (40mg) + Metoprolol Succinate (50mg)
1834,Telmikind Beta 50 Tablet ER,Telmisartan (40mg) + Metoprolol Succinate (50mg)
1836,Telmikinz-MT 50 Tablet ER,Telmisartan (40mg) + Metoprolol Succinate (50mg)
1838,Telminorm-Bxl 40/50 Tablet ER,Telmisartan (40mg) + Metoprolol Succinate (50mg)
1840,Telmip MT 40mg/50mg Tablet ER,Telmisartan (40mg) + Metoprolol Succinate (50mg)
1842,Telmitip MT 40mg/50mg Tablet ER,Telmisartan (40mg) + Metoprolol Succinate (50mg)
1844,Teloflox OZ Tablet,Ofloxacin (200mg) + Ornidazole (500mg)
1845,Telpha M 40mg/50mg Tablet ER,Telmisartan (40mg) + Metoprolol Succinate (50mg)
1847,Tel-Revelol 40/50 Tablet ER,Telmisartan (40mg) + Metoprolol Succinate (50mg)
1849,Telsant 40 MXL Tablet,Telmisartan (40mg) + Metoprolol Succinate (50mg)
1851,Telsar Beta 50 Tablet ER,Telmisartan (40mg) + Metoprolol Succinate (50mg)
1853,TELSARTAN ATR TABLET,Telmisartan (40mg) + Atorvastatin (10mg)
1855,Teltek-M 50 Tablet ER,Telmisartan (40mg) + Metoprolol Succinate (50mg)
1857,Teltor AV 40 mg/10 mg Tablet,Telmisartan (40mg) + Atorvastatin (10mg)
1859,Teltoss M 40mg/50mg Tablet ER,Telmisartan (40mg) + Metoprolol Succinate (50mg)
1861,Telvas Beta 50 Tablet ER,Telmisartan (40mg) + Metoprolol Succinate (50mg)
1863,Telwave M 40mg/50mg Tablet ER,Telmisartan (40mg) + Metoprolol Succinate (50mg)
1865,Telzox M 40mg/50mg Tablet ER,Telmisartan (40mg) + Metoprolol Succinate (50mg)
1867,Temsan CV 40mg Tablet,Telmisartan (40mg) + Atorvastatin (10mg)
1869,Tenochek Tablet,Amlodipine (5mg) + Atenolol (50mg)
1871,Tenolol-AM 50 Tablet,Amlodipine (5mg) + Atenolol (50mg)
1873,Tensicard AM 5 mg/50 mg Tablet,Amlodipine (5mg) + Atenolol (50mg)
1875,Tervis 500 mg/125 mg Tablet,Amoxycillin (500mg) + Clavulanic Acid (125mg)
1876,Tesarto-A 40mg/10mg Tablet,Telmisartan (40mg) + Atorvastatin (10mg)
1878,Testydan 4mg Tablet MD,Ondansetron (4mg)
1880,Tetan AV 40mg/10mg Tablet,Telmisartan (40mg) + Atorvastatin (10mg)
1882,Tetan Beta 50 Tablet ER,Telmisartan (40mg) + Metoprolol Succinate (50mg)
1884,Texflo OZ 200mg/500mg Tablet,Ofloxacin (200mg) + Ornidazole (500mg)
1885,TG Chek 160mg Tablet,Fenofibrate (160mg)
1886,TG Fit 160mg Tablet,Fenofibrate (160mg)
1887,TGR Tablet,Fenofibrate (160mg)
1888,TG-Tor F 160 Tablet,Atorvastatin (10mg) + Fenofibrate (160mg)
1889,Theocard AM Tablet,Amlodipine (5mg) + Atenolol (50mg)
1891,Thicin-PN Tablet,Pregabalin (75mg) + Nortriptyline (10mg) + Methylcobalamin (1500mcg)
1892,TIBIRIM INH FORTE 600MG/300MG TABLET,Rifampicin (600mg) + Isoniazid (300mg)
1893,Ticantrol 3000mg/100mg Injection,Ticarcillin (3000mg) + Clavulanic Acid (100mg)
1894,Ticar C 3000mg/100mg Injection,Ticarcillin (3000mg) + Clavulanic Acid (100mg)
1895,Ticarnate 3.1gm Injection,Ticarcillin (3000mg) + Clavulanic Acid (100mg)
1896,Ticarnic 3.1 Injection,Ticarcillin (3000mg) + Clavulanic Acid (100mg)
1897,Ticarset 3000mg/100mg Injection,Ticarcillin (3000mg) + Clavulanic Acid (100mg)
1898,Ticarvib Injection,Ticarcillin (3000mg) + Clavulanic Acid (100mg)
1899,Ticarwin CV 3000mg/100mg Injection,Ticarcillin (3000mg) + Clavulanic Acid (100mg)
1900,Ticpot 3000mg/100mg Injection,Ticarcillin (3000mg) + Clavulanic Acid (100mg)
1901,Ticwise 3000mg/100mg Injection,Ticarcillin (3000mg) + Clavulanic Acid (100mg)
1902,Tigifib 160mg Tablet,Fenofibrate (160mg)
1903,Timcyn 3000 mg/100 mg Injection,Ticarcillin (3000mg) + Clavulanic Acid (100mg)
1904,Timentin 3.1 Injection,Ticarcillin (3000mg) + Clavulanic Acid (100mg)
1905,Tocshot-NP Tablet,Pregabalin (75mg) + Nortriptyline (10mg) + Methylcobalamin (1500mcg)
1906,TONACT TM TABLET,Telmisartan (40mg) + Atorvastatin (10mg)
1908,Tonflox OZ 200mg/500mg Tablet,Ofloxacin (200mg) + Ornidazole (500mg)
1909,Topclav 500 mg/125 mg Tablet,Amoxycillin (500mg) + Clavulanic Acid (125mg)
1910,Topquin OZ 200 mg/500 mg Tablet,Ofloxacin (200mg) + Ornidazole (500mg)
1911,Tor Plus 50mg/10mg Tablet,Spironolactone (50mg) + Torasemide (10mg)
1913,Torbid 500mg Tablet,Ciprofloxacin (500mg)
1914,Torfix 400 Tablet,Rifaximin (400mg)
1915,Torget Plus 10 Tablet,Spironolactone (50mg) + Torasemide (10mg)
1917,Toriflow S 50mg/10mg Tablet,Spironolactone (50mg) + Torasemide (10mg)
1919,Torkid Plus 50mg/10mg Tablet,Spironolactone (50mg) + Torasemide (10mg)
1921,Tormax Plus 50mg/10mg Tablet,Spironolactone (50mg) + Torasemide (10mg)
1923,Tormay-S Tablet,Spironolactone (50mg) + Torasemide (10mg)
1925,Torner NT 75mg/10mg/1500mcg Tablet,Pregabalin (75mg) + Nortriptyline (10mg) + Methylcobalamin (1500mcg)
1926,Tornova Plus 50mg/10mg Tablet,Spironolactone (50mg) + Torasemide (10mg)
1928,Torsenita Plus 50mg/10mg Tablet,Spironolactone (50mg) + Torasemide (10mg)
1930,Torsid Plus 10/50 Tablet,Spironolactone (50mg) + Torasemide (10mg)
1932,Torsimid-S 50mg/10mg Tablet,Spironolactone (50mg) + Torasemide (10mg)
1934,Torsinex Forte 10 Tablet,Spironolactone (50mg) + Torasemide (10mg)
1936,Torsinol Plus 50mg/10mg Tablet,Spironolactone (50mg) + Torasemide (10mg)
1938,Torspec Plus 50mg/10mg Tablet,Spironolactone (50mg) + Torasemide (10mg)
1940,Torutic-Plus Tablet,Spironolactone (50mg) + Torasemide (10mg)
1942,Torzest Plus 50mg/10mg Tablet,Spironolactone (50mg) + Torasemide (10mg)
1944,Tosgyl 400mg Tablet,Metronidazole (400mg)
1945,Toujeo 300 U/mL Solostar,Insulin Glargine (300u/ml)
1947,Toujeo 300U/ml Cartridge (1.5ml Each),Insulin Glargine (300u/ml)
1949,Tradigut 400 Tablet,Rifaximin (400mg)
1950,Trajenta 5mg Tablet,Linagliptin (5mg)
1952,Tresiba 100 Units/ml Penfill,Insulin Degludec (100IU)
1954,Tresiba 100IU/ml Flextouch,Insulin Degludec (100IU/ml)
1956,Tresmox CV 500mg/125mg Tablet,Amoxycillin (500mg) + Clavulanic Acid (125mg)
1957,Trichek 200mg Capsule,Fenofibrate (200mg)
1958,TRICIN 450MG CAPSULE,Rifampicin (450mg)
1959,Trifeno 200mg Capsule,Fenofibrate (200mg)
1960,Trigan D Tablet,Dicyclomine (20mg) + Paracetamol (325mg)
1962,Trinurogab 75mg/10mg/1500mcg Tablet,Pregabalin (75mg) + Nortriptyline (10mg) + Methylcobalamin (1500mcg)
1963,Tripcut Kit,Omeprazole (20mg) + Tinidazole (500mg) + Amoxycillin (750mg)
1965,Triplixam 4mg/1.25mg/5mg Tablet,Perindopril erbumine (4mg) + Indapamide (1.25mg) + Amlodipine (5mg)
1967,Triprega 75mg/10mg/1500mcg Tablet,Pregabalin (75mg) + Nortriptyline (10mg) + Methylcobalamin (1500mcg)
1968,Trotz 100mg Capsule,Racecadotril(100mg)
1970,Trycip OZ 200mg/500mg Tablet,Ofloxacin (200mg) + Ornidazole (500mg)
1971,Tubercin 450mg Capsule,Rifampicin (450mg)
1972,Twool 200 mg/500 mg Tablet,Ofloxacin (200mg) + Ornidazole (500mg)
1973,Tyflon OZ 200mg/500mg Tablet,Ofloxacin (200mg) + Ornidazole (500mg)
1974,Tyuric Plus 50mg/10mg Tablet,Spironolactone (50mg) + Torasemide (10mg)
1976,Udosis 500mg Tablet,Sodium Bicarbonate (500mg)
1978,Ulcikit 20mg/500mg/750mg Kit,Omeprazole (20mg) + Tinidazole (500mg) + Amoxycillin (750mg)
1980,Ulcoat 1000mg Oral Suspension,Sucralfate (1000mg)
1982,Ulsita M 50mg/500mg Tablet,Sitagliptin (50mg) + Metformin (500mg)
1985,Ulticlav 500 mg/125mg Tablet,Amoxycillin (500mg) + Clavulanic Acid (125mg)
1986,Ultimox Clav 500 mg/125 mg Tablet,Amoxycillin (500mg) + Clavulanic Acid (125mg)
1987,Uneek OZ 200mg/500mg Tablet,Ofloxacin (200mg) + Ornidazole (500mg)
1988,Unicip-ER 500 Tablet,Ciprofloxacin (500mg)
1989,Unimegyl 400mg Tablet,Metronidazole (400mg)
1990,UNIMEZOL 400 MG TABLET,Metronidazole (400mg)
1991,Urvistat-T Tablet,Telmisartan (40mg) + Atorvastatin (10mg)
1993,Ustat 10mg Tablet,Rosuvastatin (10mg)
1994,Uximin 400mg Tablet,Rifaximin (400mg)
1995,V Clav 500 mg/125 mg Tablet,Amoxycillin (500mg) + Clavulanic Acid (125mg)
1996,Valros 10 Tablet,Rosuvastatin (10mg)
1997,Valsac 50 Tablet,Sacubitril (24mg) + Valsartan (26mg)
1999,Varflox OZ Tablet,Ofloxacin (200mg) + Ornidazole (500mg)
2000,Varicosin Capsule,Calcium Dobesilate (500mg)
2001,Varido Capsule,Calcium Dobesilate (500mg)
2002,Vascilol 50mg Tablet,Cilostazol (50mg)
2003,Vasocal Capsule,Calcium Dobesilate (500mg)
2004,Vasogard AT 5 mg/50 mg Tablet,Amlodipine (5mg) + Atenolol (50mg)
2006,Vasovin - XL 2.5 Capsule,Nitroglycerin (2.5mg)
2007,Veeflox OZ 200 mg/500 mg Tablet,Ofloxacin (200mg) + Ornidazole (500mg)
2008,Veinosil 500 Capsule,Calcium Dobesilate (500mg)
2009,Veinpro OD 500mg Capsule,Calcium Dobesilate (500mg)
2010,Venostor 500 Tablet,Calcium Dobesilate (500mg) + Troxerutin (500mg)
2012,Venosuf Capsule,Calcium Dobesilate (500mg)
2013,Venpres-M 50 Tablet ER,Telmisartan (40mg) + Metoprolol Succinate (50mg)
2015,Ventto 4mg Tablet MD,Ondansetron (4mg)
2017,Verclav 500 mg/125 mg Tablet,Amoxycillin (500mg) + Clavulanic Acid (125mg)
2018,Veridob Capsule,Calcium Dobesilate (500mg)
2019,Vidmet-SR 500 Tablet,Metformin (500mg)
2022,Vinclav 625 Tablet,Amoxycillin (500mg) + Clavulanic Acid (125mg)
2023,Vintel-M 50 Tablet ER,Telmisartan (40mg) + Metoprolol Succinate (50mg)
2025,Virapox 400mg Tablet DT,Acyclovir (400mg)
2026,Virovib 400mg Tablet DT,Acyclovir (400mg)
2027,Visioflox OZ 200mg/500mg Tablet,Ofloxacin (200mg) + Ornidazole (500mg)
2028,Vitatelmet Tablet ER,Telmisartan (40mg) + Metoprolol Succinate (50mg)
2030,Vitator SP Tablet,Spironolactone (50mg) + Torasemide (10mg)
2032,Vitor OZ 200 mg/500 mg Tablet,Ofloxacin (200mg) + Ornidazole (500mg)
2033,Vizorifa 400 Tablet,Rifaximin (400mg)
2034,Vogyl 200 mg/500 mg Tablet,Ofloxacin (200mg) + Ornidazole (500mg)
2035,Vomilac 4mg Tablet MD,Ondansetron (4mg)
2037,Vominta-MD4 Tablet,Ondansetron (4mg)
2039,Vonof OZ 200mg/500mg Tablet,Ofloxacin (200mg) + Ornidazole (500mg)
2040,Votclav Tablet,Amoxycillin (500mg) + Clavulanic Acid (125mg)
2041,Vox O 200 mg/500 mg Tablet,Ofloxacin (200mg) + Ornidazole (500mg)
2042,Vozuvas 10mg Tablet,Rosuvastatin (10mg)
2043,Vrisucra 1000mg Oral Suspension,Sucralfate (1000mg)
2045,Vymada 50mg Tablet,Sacubitril (24mg) + Valsartan (26mg)
2047,Walcain 1000mg Oral Suspension,Sucralfate (1000mg)
2049,Welartan-M 50 Tablet ER,Telmisartan (40mg) + Metoprolol Succinate (50mg)
2051,Welmyth Plus 75mg/10mg/1500mcg Tablet,Pregabalin (75mg) + Nortriptyline (10mg) + Methylcobalamin (1500mcg)
2052,Weltrof-OZ Tablet,Ofloxacin (200mg) + Ornidazole (500mg)
2053,Winitro 2.6mg Tablet CR,Nitroglycerin (2.6mg)
2054,Winogut Sachet Orange,Saccharomyces boulardii (282.5mg)
2056,Winspasmo Forte 10mg/325mg/50mg Capsule,Dicyclomine (10mg) + Paracetamol (325mg) + Tramadol (50mg)
2058,Wocklav 500 mg/125 mg Tablet,Amoxycillin (500mg) + Clavulanic Acid (125mg)
2059,Woklav 625 Tablet,Amoxycillin (500mg) + Clavulanic Acid (125mg)
2060,Wonerve Mnt 75mg/10mg/1500mcg Tablet,Pregabalin (75mg) + Nortriptyline (10mg) + Methylcobalamin (1500mcg)
2061,Wosulin-N 100IU/ml Injection,Insulin Isophane (100IU)
2064,Wosulin-N 40IU/ml Suspension for Injection,Insulin Isophane (40IU)
2067,Woxacin OZ 200 mg/500 mg Tablet,Ofloxacin (200mg) + Ornidazole (500mg)
2068,Wyserin 500mg Tablet,Ciprofloxacin (500mg)
2069,Xanid 200mg/500mg Tablet,Ofloxacin (200mg) + Ornidazole (500mg)
2070,Xcef 200mg Tablet,Cefixime (200mg)
2071,Xclav 500mg/125mg Tablet,Amoxycillin (500mg) + Clavulanic Acid (125mg)
2072,Xenspas 10mg/10mg Tablet,Omeprazole (10mg) + Dicyclomine (10mg)
2074,Xifacol 400mg Tablet,Rifaximin (400mg)
2075,Xifapill 400 Tablet,Rifaximin (400mg)
2076,Xintof OZ 200 mg/500 mg Tablet,Ofloxacin (200mg) + Ornidazole (500mg)
2077,Xoclave 625 Tablet,Amoxycillin (500mg) + Clavulanic Acid (125mg)
2078,Xstan Beta 50 Tablet ER,Telmisartan (40mg) + Metoprolol Succinate (50mg)
2080,Xtor-F Tablet,Atorvastatin (10mg) + Fenofibrate (160mg)
2081,Xultophy Injection,Liraglutide (3.6mg/1ml) + Insulin Degludec (100IU)
2083,Xynate 500 mg/125 mg Tablet,Amoxycillin (500mg) + Clavulanic Acid (125mg)
2084,Xyraze-OZ Tablet,Ofloxacin (200mg) + Ornidazole (500mg)
2085,Yestic 3.1g Injection,Ticarcillin (3000mg) + Clavulanic Acid (100mg)
2086,Yoflox OZ 200 mg/500 mg Tablet,Ofloxacin (200mg) + Ornidazole (500mg)
2087,Yomfate Syrup,Sucralfate (500mg/5ml)
2089,Z Flox OZ 200mg/500mg Tablet,Ofloxacin (200mg) + Ornidazole (500mg)
2090,Zablox OZ 200mg/500mg Tablet,Ofloxacin (200mg) + Ornidazole (500mg)
2091,Zacin O 200 mg/500 mg Tablet,Ofloxacin (200mg) + Ornidazole (500mg)
2092,Zanocin OZ Tablet,Ofloxacin (200mg) + Ornidazole (500mg)
2093,Zator Plus 50 mg/10 mg Tablet,Spironolactone (50mg) + Torasemide (10mg)
2095,Zayo 50 Tablet,Sacubitril (24mg) + Valsartan (26mg)
2097,Zedcure 200 mg/500 mg Tablet,Ofloxacin (200mg) + Ornidazole (500mg)
2098,Zedott 10 DT Tablet,Racecadotril (10mg)
2100,Zedott 100mg Capsule,Racecadotril(100mg)
2102,Zedott 30 DT Tablet,Racecadotril (30mg)
2104,Zedott Plus Powder,Racecadotril (15mg) + Saccharomyces boulardii (141.25mg) + Lactobacillus (100Million cells)
2106,Zeflo OZ 200mg/500mg Tablet,Ofloxacin (200mg) + Ornidazole (500mg)
2107,Zemlo A 5mg/50mg Tablet,Amlodipine (5mg) + Atenolol (50mg)
2109,Zenoclav 500mg/125mg Tablet,Amoxycillin (500mg) + Clavulanic Acid (125mg)
2110,Zenrif 400 Tablet,Rifaximin (400mg)
2111,Zespaz 20mg/325mg Tablet,Dicyclomine (20mg) + Paracetamol (325mg)
2113,Zetagel 1000mg Oral Suspension,Sucralfate (1000mg)
2115,Zevid OZ 200 mg/500 mg Tablet,Ofloxacin (200mg) + Ornidazole (500mg)
2116,Zifate Oral Suspension,Sucralfate (1000mg)
2118,Zifi 200 Tablet,Cefixime (200mg)
2119,Zilast 50 Tablet,Cilostazol (50mg)
2120,Zil-O Tablet,Ofloxacin (200mg) + Ornidazole (500mg)
2121,Zimigut 400 Tablet,Rifaximin (400mg)
2122,Zimking 200mg Tablet,Cefixime (200mg)
2123,Ziomi DX 10mg/10mg Tablet,Omeprazole (10mg) + Dicyclomine (10mg)
2125,Zivast-F Tablet,Atorvastatin (10mg) + Fenofibrate (160mg)
2126,Zobilate 500mg Capsule,Calcium Dobesilate (500mg)
2127,Zofix 200 Tablet,Cefixime (200mg)
2128,Zoflick OZ 200mg/500mg Tablet,Ofloxacin (200mg) + Ornidazole (500mg)
2129,Zolcin 200 mg/500 mg Tablet,Ofloxacin (200mg) + Ornidazole (500mg)
2130,Zomox CL 500 mg/125 mg Tablet,Amoxycillin (500mg) + Clavulanic Acid (125mg)
2131,Zooclav 625 Tablet,Amoxycillin (500mg) + Clavulanic Acid (125mg)
2132,Zopi OZ 200 mg/500 mg Tablet,Ofloxacin (200mg) + Ornidazole (500mg)
2133,Zornif 200mg/500mg Tablet,Ofloxacin (200mg) + Ornidazole (500mg)
2134,Zorno Tablet,Ofloxacin (200mg) + Ornidazole (500mg)
2135,Zoster 400mg Tablet DT,Acyclovir (400mg)
2136,Zotaxime 200mg Tablet,Cefixime (200mg)
2137,Zovidac 400mg Tablet DT,Acyclovir (400mg)
2138,Zoxan 500 Tablet,Ciprofloxacin (500mg)
2139,Zoxavid OZ 200mg/500mg Tablet,Ofloxacin (200mg) + Ornidazole (500mg)
2140,Zoxil CV 500 mg/125 mg Tablet,Amoxycillin (500mg) + Clavulanic Acid (125mg)
2141,Zyrova 10 Tablet,Rosuvastatin (10mg)