NoN Generic Name,Generic Names
Human Insulatard 40IU/ml Suspension for Injection,Insulin Isophane (40IU)
Insuman Basal 40IU/ml Injection,Insulin Isophane (40IU)
Wosulin-N 40IU/ml Suspension for Injection,Insulin Isophane (40IU)
Insulin 40IU/ml Injection,Insulin Isophane (40IU)
Iletin NPH 40IU/ml Injection,Insulin Isophane (40IU)
Lentard 40IU/ml Injection,Insulin Isophane (40IU)
Recosulin N 40IU/ml Injection,Insulin Isophane (40IU)
Insucare N 40IU/ml Injection,Insulin Isophane (40IU)
Huminsulin N 40IU/ml Injection,Insulin Isophane (40IU)
Longact 40IU/ml Injection,Insulin Isophane (40IU)
Insugen-N 40IU/ml Injection,Insulin Isophane (40IU)
Huminsulin N 100IU/ml Cartridge,Insulin Isophane (100IU/ml)
Insulatard 100IU/ml Flexpen,Insulin Isophane (100IU/ml)
Insulatard HM 100IU/ml Penfill,Insulin Isophane (100IU/ml)
Lupisulin N 40IU/ml Injection,Insulin Isophane (40IU)
Huminsulin N 100IU/ml Injection,Insulin Isophane (100IU)
Insugen-N 100IU/ml Refil Injection,Insulin Isophane (100IU)
Wosulin-N 100IU/ml Injection,Insulin Isophane (100IU)
Lupisulin N 100IU/ml Injection,Insulin Isophane (100IU)
Insulatard HM 100IU/ml Cartridge,Insulin Isophane (100IU)
Recosulin N 100IU Injection,Insulin Isophane (100IU)
Insugen-N 100IU/ml Injection,Insulin Isophane (100IU)
Insucare N 40IU/ml Injection,Insulin Isophane (100IU)
Insuman Basal 40IU/ml Injection,Insulin Isophane (40IU)
Wosulin-N 40IU/ml Suspension for Injection,Insulin Isophane (40IU)
Human Insulatard 40IU/ml Suspension for Injection,Insulin Isophane (40IU)
Wosulin-N 100IU/ml Injection,Insulin Isophane (100IU)
Insugen-N 100IU/ml Refil Injection,Insulin Isophane (100IU)
Lupisulin N 100IU/ml Injection,Insulin Isophane (100IU)
Insulatard HM 100IU/ml Cartridge,Insulin Isophane (100IU)
Recosulin N 100IU Injection,Insulin Isophane (100IU)
Lupisulin N 100IU/ml Injection,Insulin Isophane (100IU)
Lantus 100IU/ml Solution for Injection,Insulin Glargine (100IU)
Basalog 100IU/ml Injection,Insulin Glargine (100IU/ml)
Lantus Solostar 100IU/ml Solution for Injection,Insulin Glargine (100IU/ml)
Toujeo 300 U/mL Solostar,Insulin Glargine (300u/ml)
Tresiba 100IU/ml Flextouch,Insulin Degludec (100IU/ml)
Basalog 100IU/ml Refill Cartridge,Insulin Glargine (100IU/ml)
Basugine 100IU/ml Injection,Insulin Glargine (100IU)
Glarvia 100IU/ml Injection,Insulin Glargine (100IU)
Glaritus 100IU/ml Injection,Insulin Glargine (100IU)
Basalog One 100IU/ml Injection,Insulin Glargine (100IU)
Glaritus 100IU/ml Dispopen,Insulin Glargine (100IU)
Tresiba 100 Units/ml Penfill,Insulin Degludec (100IU)
Basaglar 100 Units/ml Cartridge,Insulin Glargine (3.64IU/ml)
Toujeo 300U/ml Cartridge (1.5ml Each),Insulin Glargine (300u/ml)
Glaritus 100IU/ml Injection,Insulin Glargine (100IU)
Glarvia 100IU/ml Injection,Insulin Glargine (100IU)
Basugine 100IU/ml Injection,Insulin Glargine (100IU)
Basalog 100IU/ml Injection,Insulin Glargine (100IU)
Basalog One 100IU/ml Injection,Insulin Glargine (100IU)
Glaritus 100IU/ml Dispopen,Insulin Glargine (100IU)
Levemir 100IU/ml Flexpen,Insulin detemir (100IU)
Basalog 100IU/ml Injection,Insulin Glargine (100IU/ml)
Basaglar 100IU/ml Kwikpen,Insulin Glargine (100IU/ml)
Glaritus 100IU/ml Injection 3ml,Insulin Glargine (100IU)
Basalog One 100IU/ml Injection,Insulin Glargine (100IU)
Xultophy Injection,Liraglutide (3.6mg/1ml) + Insulin Degludec (100IU)
Glaritus Dispopen 2,Insulin Glargine (100IU/ml)
Glaritus 100IU/ml Dispopen,Insulin Glargine (100IU)
Glarvia 100IU/ml Injection,Insulin Glargine (100IU)
Glaritus 100IU/ml Injection,Insulin Glargine (100IU)
Basugine 100IU/ml Injection,Insulin Glargine (100IU)
Basalog 100IU/ml Injection,Insulin Glargine (100IU)
Basalog One 100IU/ml Injection,Insulin Glargine (100IU)
Apidra 100IU Cartridge,Insulin Glulisine (100IU)
Apidra 100IU/ml Solution for Injection,Insulin Glulisine (100IU)
Humalog 100IU/ml Solution for Injection,Insulin Lispro (100IU)
Eglucent Kwikpen,Insulin Lispro (100IU)
Humalog 100IU/ml Kwikpen,Insulin Lispro (100IU)
Apidra Solostar 100IU/ml Injection,Insulin Glulisine (100IU/ml)
Eglucent Rapid 100IU/ml Solution for Injection,Insulin Lispro (100IU/ml)
Eglucent Rapid 100IU/ml Kwikpen,Insulin Lispro (100IU/ml)
Humalog 200IU/ml Kwikpen,Insulin Lispro (200IU)
Eglucent Rapid 100IU/ml Kwikpen,Insulin Lispro (100IU/ml)
Eglucent Rapid 100IU/ml Solution for Injection,Insulin Lispro (100IU/ml)
Apidra Solostar 300IU/ml Injection,Insulin Glulisine (300IU)
Glycomet 500 SR Tablet,Metformin (500mg)
Bigomet SR 500 Tablet,Metformin (500mg)
Metlong 500 Tablet SR,Metformin (500mg)
Metsmall 500 Tablet SR,Metformin (500mg)
Vidmet-SR 500 Tablet,Metformin (500mg)
Metadoze-IPR 500 Tablet SR,Metformin (500mg)
Glycomet-GP 1 Tablet PR,Glimepiride (1mg) + Metformin (500mg)
Glimiprex MF 1/500 Tablet PR,Glimepiride (1mg) + Metformin (500mg)
Glimestar-M 1 Tablet PR,Glimepiride (1mg) + Metformin (500mg)
Metride 1 Tablet PR,Glimepiride (1mg) + Metformin (500mg)
Glimser 1 Tablet PR,Glimepiride (1mg) + Metformin (500mg)
Diapride M1 Tablet PR,Glimepiride (1mg) + Metformin (500mg)
Nefrosave Tablet,Taurine (500mg) + Acetylcysteine (150mg)
Renhope 500mg/150mg Tablet,Taurine (500mg) + Acetylcysteine (150mg)
Renoxi Tablet,Taurine (500mg) + Acetylcysteine (150mg)
Nefro ACT 500mg/150mg Tablet,Taurine (500mg) + Acetylcysteine (150mg)
Nefrozon Tablet,Taurine (500mg) + Acetylcysteine (150mg)
Pydinac-T Tablet,Taurine (500mg) + Acetylcysteine (150mg)
Janumet 50 mg/500 mg Tablet,Sitagliptin (50mg) + Metformin (500mg)
Ulsita M 50mg/500mg Tablet,Sitagliptin (50mg) + Metformin (500mg)
Sepamet-XR 50mg/500mg Tablet,Sitagliptin (50mg) + Metformin (500mg)
Sitadac-M Tablet,Sitagliptin (50mg) + Metformin (500mg)
Istamet 50mg/500mg Tablet,Sitagliptin (50mg) + Metformin (500mg)
Siglimepol Tablet,Sitagliptin (50mg) + Metformin (500mg)
Glycomet-GP 2 Tablet PR,Glimepiride (2mg) + Metformin (500mg)
Glimiprex MF 2/500 Tablet PR,Glimepiride (2mg) + Metformin (500mg)
Euglim-M 2 Tablet PR,Glimepiride (2mg) + Metformin (500mg)
Glimestar-M 2 Tablet PR,Glimepiride (2mg) + Metformin (500mg)
Metride 2 Tablet PR,Glimepiride (2mg) + Metformin (500mg)
Geminor M 2 Tablet PR,Glimepiride (2mg) + Metformin (500mg)
Trajenta 5mg Tablet,Linagliptin (5mg)
Ondero 5mg Tablet,Linagliptin (5mg)
Istamet 50mg/500mg Tablet,Sitagliptin (50mg) + Metformin (500mg)
Ulsita M 50mg/500mg Tablet,Sitagliptin (50mg) + Metformin (500mg)
Sepamet-XR 50mg/500mg Tablet,Sitagliptin (50mg) + Metformin (500mg)
Sitadac-M Tablet,Sitagliptin (50mg) + Metformin (500mg)
Janumet 50 mg/500 mg Tablet,Sitagliptin (50mg) + Metformin (500mg)
Siglimepol Tablet,Sitagliptin (50mg) + Metformin (500mg)
Glyciphage SR 500mg Tablet,Metformin (500mg)
Bigomet SR 500 Tablet,Metformin (500mg)
Metlong 500 Tablet SR,Metformin (500mg)
Metsmall 500 Tablet SR,Metformin (500mg)
Vidmet-SR 500 Tablet,Metformin (500mg)
Metadoze-IPR 500 Tablet SR,Metformin (500mg)
Insulin Isophane (100IU),Amlodipine (5mg) + Atenolol (50mg)
Insulin Isophane (100IU),Amlodipine (5mg) + Atenolol (50mg)
Adopin AT 5mg/50mg Tablet,Amlodipine (5mg) + Atenolol (50mg)
Albotil Tablet,Amlodipine (5mg) + Atenolol (50mg)
Aldactone Plus 50mg/10mg Tablet,Spironolactone (50mg) + Torasemide (10mg)
Aldactone T 10 Tablet,Spironolactone (50mg) + Torasemide (10mg)
Almod AT 5mg/50mg Tablet,Amlodipine (5mg) + Atenolol (50mg)
Altoma 5mg/50mg Tablet,Amlodipine (5mg) + Atenolol (50mg)
AM-T Tablet,Amlodipine (5mg) + Atenolol (50mg)
AMBROCARD-AT 5MG/50MG TABLET,Amlodipine (5mg) + Atenolol (50mg)
Amcard-AT Tablet,Amlodipine (5mg) + Atenolol (50mg)
Amdepin-AT Tablet,Amlodipine (5mg) + Atenolol (50mg)
Amdine AT Tablet,Amlodipine (5mg) + Atenolol (50mg)
Amdiron AT 5mg/50mg Tablet,Amlodipine (5mg) + Atenolol (50mg)
Amfag-AT Tablet,Amlodipine (5mg) + Atenolol (50mg)
AMINOL 5MG/50MG TABLET,Amlodipine (5mg) + Atenolol (50mg)
Amleto AT 5mg/50mg Tablet,Amlodipine (5mg) + Atenolol (50mg)
Amlion-HT Tablet,Amlodipine (5mg) + Atenolol (50mg)
Amlip AT Tablet,Amlodipine (5mg) + Atenolol (50mg)
Amloallit-AT Tablet,Amlodipine (5mg) + Atenolol (50mg)
Amlocas-AT 5mg/50mg Tablet,Amlodipine (5mg) + Atenolol (50mg)
Amloday AT Tablet,Amlodipine (5mg) + Atenolol (50mg)
Amlodpin AT 5mg/50mg Tablet,Amlodipine (5mg) + Atenolol (50mg)
Amlodus AT 5 mg/50 mg Tablet,Amlodipine (5mg) + Atenolol (50mg)
Amlogud-AT Tablet,Amlodipine (5mg) + Atenolol (50mg)
Amlojack AT 5mg/50mg Tablet,Amlodipine (5mg) + Atenolol (50mg)
Amlokath A 5 mg/50 mg Tablet,Amlodipine (5mg) + Atenolol (50mg)
Amlokind-AT Tablet,Amlodipine (5mg) + Atenolol (50mg)
Amlolight AT 5mg/50mg Tablet,Amlodipine (5mg) + Atenolol (50mg)
Amlomed AT 5 mg/50 mg Tablet,Amlodipine (5mg) + Atenolol (50mg)
Amlomin AT 5mg/50mg Tablet,Amlodipine (5mg) + Atenolol (50mg)
Amlonet AT 5mg/50mg Tablet,Amlodipine (5mg) + Atenolol (50mg)
Amlong-A Tablet,Amlodipine (5mg) + Atenolol (50mg)
Amlonite A 5mg/50mg Tablet,Amlodipine (5mg) + Atenolol (50mg)
Amlonova 5mg/50mg Tablet,Amlodipine (5mg) + Atenolol (50mg)
Amlopen AT 5 mg/50 mg Tablet,Amlodipine (5mg) + Atenolol (50mg)
Amlopin-AT Tablet,Amlodipine (5mg) + Atenolol (50mg)
Amlopres-AT Tablet,Amlodipine (5mg) + Atenolol (50mg)
Amloque-AT Tablet,Amlodipine (5mg) + Atenolol (50mg)
Amlorace AT 5mg/50mg Tablet,Amlodipine (5mg) + Atenolol (50mg)
Amlosafe-AT Tablet,Amlodipine (5mg) + Atenolol (50mg)
Amlossil AT 5mg/50mg Tablet,Amlodipine (5mg) + Atenolol (50mg)
Amlosung AT 5mg/50mg Tablet,Amlodipine (5mg) + Atenolol (50mg)
Amlosure AT 5mg/50mg Tablet,Amlodipine (5mg) + Atenolol (50mg)
Amlotec-AT 5mg/50mg Tablet,Amlodipine (5mg) + Atenolol (50mg)
Amlovas-AT Tablet,Amlodipine (5mg) + Atenolol (50mg)
Amlovel AT 5mg/50mg Tablet,Amlodipine (5mg) + Atenolol (50mg)
Amlowell-AT Tablet,Amlodipine (5mg) + Atenolol (50mg)
Amlowik AT 5mg/50mg Tablet,Amlodipine (5mg) + Atenolol (50mg)
Amlowik AT Tablet,Amlodipine (5mg) + Atenolol (50mg)
Amloz AT Tablet,Amlodipine (5mg) + Atenolol (50mg)
Amnip A 5mg/50mg Tablet,Amlodipine (5mg) + Atenolol (50mg)
Amnol 5 mg/50 mg Tablet,Amlodipine (5mg) + Atenolol (50mg)
Amnol AT 5mg/50mg Tablet,Amlodipine (5mg) + Atenolol (50mg)
Amodep AT Tablet,Amlodipine (5mg) + Atenolol (50mg)
Amoline-AT Tablet,Amlodipine (5mg) + Atenolol (50mg)
Amone AT 5mg/50mg Tablet,Amlodipine (5mg) + Atenolol (50mg)
Amrap AT 5 mg/50 mg Tablet,Amlodipine (5mg) + Atenolol (50mg)
Amsort-AT Tablet,Amlodipine (5mg) + Atenolol (50mg)
Amtas-AT Tablet,Amlodipine (5mg) + Atenolol (50mg)
AMTEK-AT 5MG/50MG TABLET,Amlodipine (5mg) + Atenolol (50mg)
Anchek AT 5mg/50mg Tablet,Amlodipine (5mg) + Atenolol (50mg)
Angeocare Plus Tablet,Amlodipine (5mg) + Atenolol (50mg)
Angicam-Beta Tablet,Amlodipine (5mg) + Atenolol (50mg)
Angopin E AT 5mg/50mg Tablet,Amlodipine (5mg) + Atenolol (50mg)
Apin AT 5mg/50mg Tablet,Amlodipine (5mg) + Atenolol (50mg)
Arbitel-AV Tablet,Telmisartan (40mg) + Atorvastatin (10mg)
Arbitel-MT 50 Tablet ER,Telmisartan (40mg) + Metoprolol Succinate (50mg)
AT M 5 mg/50 mg Tablet,Amlodipine (5mg) + Atenolol (50mg)
Atakare 5 mg/50 mg Tablet,Amlodipine (5mg) + Atenolol (50mg)
Atecard-AM Tablet,Amlodipine (5mg) + Atenolol (50mg)
ATEMLO 5MG/50MG TABLET,Amlodipine (5mg) + Atenolol (50mg)
Aten AM Tablet,Amlodipine (5mg) + Atenolol (50mg)
Atipin 5mg/50mg Tablet,Amlodipine (5mg) + Atenolol (50mg)
Atol AM Tablet,Amlodipine (5mg) + Atenolol (50mg)
Atpine Tablet,Amlodipine (5mg) + Atenolol (50mg)
Atwin AM 5 mg/50 mg Tablet,Amlodipine (5mg) + Atenolol (50mg)
Azmarda 50mg Tablet,Sacubitril (24mg) + Valsartan (26mg)
Besartan M 40mg/50mg Tablet ER,Telmisartan (40mg) + Metoprolol Succinate (50mg)
Betamato Plus 5mg/50mg Tablet,Amlodipine (5mg) + Atenolol (50mg)
Bigtel M 40mg/50mg Tablet ER,Telmisartan (40mg) + Metoprolol Succinate (50mg)
BP Cura 5mg/50mg Tablet,Amlodipine (5mg) + Atenolol (50mg)
Bptel Beta 40mg/50mg Tablet ER,Telmisartan (40mg) + Metoprolol Succinate (50mg)
Breetel AT Tablet,Telmisartan (40mg) + Atorvastatin (10mg)
C Card A 5mg/50mg Tablet,Amlodipine (5mg) + Atenolol (50mg)
CARD-ATE 5MG/50MG TABLET,Amlodipine (5mg) + Atenolol (50mg)
Cardopine 5mg/50mg Tablet,Amlodipine (5mg) + Atenolol (50mg)
Check AT Tablet,Amlodipine (5mg) + Atenolol (50mg)
Conitore Plus 50mg/10mg Tablet,Spironolactone (50mg) + Torasemide (10mg)
Cortel M 50 Tablet ER,Telmisartan (40mg) + Metoprolol Succinate (50mg)
Corvadil-A Tablet,Amlodipine (5mg) + Atenolol (50mg)
Coslo 5 mg/50 mg Tablet,Amlodipine (5mg) + Atenolol (50mg)
Creslip 40mg/10mg Tablet,Telmisartan (40mg) + Atorvastatin (10mg)
DavaIndia Spironolactone+Torasemide 50mg/10mg Tablet,Spironolactone (50mg) + Torasemide (10mg)
DavaIndia Telmisartan+Metoprolol Succinate 40mg/50mg Tablet ER,Telmisartan (40mg) + Metoprolol Succinate (50mg)
Diavasc AT 5 mg/50 mg Tablet,Amlodipine (5mg) + Atenolol (50mg)
Dipamlo-AT Tablet,Amlodipine (5mg) + Atenolol (50mg)
Dyamide Plus 50 mg/10 mg Tablet,Spironolactone (50mg) + Torasemide (10mg)
Dyflow S 50mg/10mg Tablet,Spironolactone (50mg) + Torasemide (10mg)
Dyloop Plus 50mg/10mg Tablet,Spironolactone (50mg) + Torasemide (10mg)
Dytel-MT 50 Tablet ER,Telmisartan (40mg) + Metoprolol Succinate (50mg)
Dytor Plus 10 Tablet,Spironolactone (50mg) + Torasemide (10mg)
Elzen Beta 40mg/50mg Tablet ER,Telmisartan (40mg) + Metoprolol Succinate (50mg)
Embeta-TM 50 Tablet ER,Telmisartan (40mg) + Metoprolol Succinate (50mg)
Eslo-5 AT Tablet,Amlodipine (5mg) + Atenolol (50mg)
Etotan-HR Tablet,Ramipril (2.5mg) + Losartan (50mg) + Hydrochlorothiazide (12.5mg)
Excretor Plus 50 mg/10 mg Tablet,Spironolactone (50mg) + Torasemide (10mg)
Fontel MT 50 Tablet ER,Telmisartan (40mg) + Metoprolol Succinate (50mg)
Gamlo AT 5mg/50mg Tablet,Amlodipine (5mg) + Atenolol (50mg)
Gdopine-AT Tablet,Amlodipine (5mg) + Atenolol (50mg)
Genericart Spironolactone+Torasemide 50mg/10mg Tablet,Spironolactone (50mg) + Torasemide (10mg)
Gliten AM 5mg/50mg Tablet,Amlodipine (5mg) + Atenolol (50mg)
Hartek AT Tablet,Amlodipine (5mg) + Atenolol (50mg)
Hopetel M 40mg/50mg Tablet ER,Telmisartan (40mg) + Metoprolol Succinate (50mg)
Inditel MX 50 Tablet ER,Telmisartan (40mg) + Metoprolol Succinate (50mg)
Kaspin AT 5mg/50mg Tablet,Amlodipine (5mg) + Atenolol (50mg)
Kritblok-AT Tablet,Amlodipine (5mg) + Atenolol (50mg)
Lipisar 40 mg/10 mg Tablet,Telmisartan (40mg) + Atorvastatin (10mg)
Litrakind Plus 50mg/10mg Tablet,Spironolactone (50mg) + Torasemide (10mg)
Loopstar Plus 50mg/10mg Tablet,Spironolactone (50mg) + Torasemide (10mg)
Loram-H 2.5 Tablet,Ramipril (2.5mg) + Losartan (50mg) + Hydrochlorothiazide (12.5mg)
Losa RH 2.5 mg/50 mg/12.5 mg Tablet,Ramipril (2.5mg) + Losartan (50mg) + Hydrochlorothiazide (12.5mg)
Losanorm HR Tablet,Ramipril (2.5mg) + Losartan (50mg) + Hydrochlorothiazide (12.5mg)
LR H Tablet,Ramipril (2.5mg) + Losartan (50mg) + Hydrochlorothiazide (12.5mg)
Lupidip-A Tablet,Amlodipine (5mg) + Atenolol (50mg)
Macsart Beta 50 Tablet ER,Telmisartan (40mg) + Metoprolol Succinate (50mg)
Medoput 5mg/50mg Tablet,Amlodipine (5mg) + Atenolol (50mg)
MELOL 5MG/50MG TABLET,Amlodipine (5mg) + Atenolol (50mg)
Metosartan 50 Tablet ER,Telmisartan (40mg) + Metoprolol Succinate (50mg)
Metpil T 50 Tablet ER,Telmisartan (40mg) + Metoprolol Succinate (50mg)
Nales Plus 50mg/10mg Tablet,Spironolactone (50mg) + Torasemide (10mg)
Non Generic,Generic
Olate A 5 mg/50 mg Tablet,Amlodipine (5mg) + Atenolol (50mg)
Pleotor T Tablet 40mg/10mg,Telmisartan (40mg) + Atorvastatin (10mg)
Pretor Plus 50mg/10mg Tablet,Spironolactone (50mg) + Torasemide (10mg)
Primodil-AT Tablet,Amlodipine (5mg) + Atenolol (50mg)
Pritel AT 40mg/10mg Tablet,Telmisartan (40mg) + Atorvastatin (10mg)
Pritel M 40mg/50mg Tablet ER,Telmisartan (40mg) + Metoprolol Succinate (50mg)
Prolomet T 50 Tablet ER,Telmisartan (40mg) + Metoprolol Succinate (50mg)
Raftor Plus 50mg/10mg Tablet,Spironolactone (50mg) + Torasemide (10mg)
RAMLO-AT 5MG/50MG TABLET,Amlodipine (5mg) + Atenolol (50mg)
Repine AT 5mg/50mg Tablet,Amlodipine (5mg) + Atenolol (50mg)
Rest-AM Tablet,Amlodipine (5mg) + Atenolol (50mg)
Retorlix SP 50mg/10mg Tablet,Spironolactone (50mg) + Torasemide (10mg)
Roampin AT 5mg/50mg Tablet,Amlodipine (5mg) + Atenolol (50mg)
Sacutan 50 Tablet,Sacubitril (24mg) + Valsartan (26mg)
Saiten AT 5mg/50mg Tablet,Amlodipine (5mg) + Atenolol (50mg)
Sartace H 2.5 mg/50 mg/12.5 mg Tablet,Ramipril (2.5mg) + Losartan (50mg) + Hydrochlorothiazide (12.5mg)
Sartel-Beta 50 Tablet ER,Telmisartan (40mg) + Metoprolol Succinate (50mg)
STALIA A TABLET 40 MG/10 MG,Telmisartan (40mg) + Atorvastatin (10mg)
Stamlo Beta Tablet,Amlodipine (5mg) + Atenolol (50mg)
Starcad-T 50 Tablet ER,Telmisartan (40mg) + Metoprolol Succinate (50mg)
Starpress T 50-XL Tablet,Telmisartan (40mg) + Metoprolol Succinate (50mg)
StayHappi Telmisartan+Atorvastatin 40mg/10mg Tablet,Telmisartan (40mg) + Atorvastatin (10mg)
Tamlod AT 5mg/50mg Tablet,Amlodipine (5mg) + Atenolol (50mg)
Tazpure-Beta 50 Tablet ER,Telmisartan (40mg) + Metoprolol Succinate (50mg)
Tekaira M 40mg/50mg Tablet ER,Telmisartan (40mg) + Metoprolol Succinate (50mg)
Tel-Revelol 40/50 Tablet ER,Telmisartan (40mg) + Metoprolol Succinate (50mg)
Telcure Beta 40mg/50mg Tablet ER,Telmisartan (40mg) + Metoprolol Succinate (50mg)
Telday AV 40mg/10mg Tablet,Telmisartan (40mg) + Atorvastatin (10mg)
Telday M 50 Tablet ER,Telmisartan (40mg) + Metoprolol Succinate (50mg)
Teleact Beta 50 Tablet ER,Telmisartan (40mg) + Metoprolol Succinate (50mg)
Teleact St 40 Tablet,Telmisartan (40mg) + Atorvastatin (10mg)
Telesort-MT Tablet ER,Telmisartan (40mg) + Metoprolol Succinate (50mg)
Telexia-M 50 Tablet ER,Telmisartan (40mg) + Metoprolol Succinate (50mg)
Telfive Beta 40mg/50mg Tablet ER,Telmisartan (40mg) + Metoprolol Succinate (50mg)
Teliquest Beta 40mg/50mg Tablet ER,Telmisartan (40mg) + Metoprolol Succinate (50mg)
Telista Plus 40 Tablet,Telmisartan (40mg) + Atorvastatin (10mg)
Tellzy-MT 50 Tablet ER,Telmisartan (40mg) + Metoprolol Succinate (50mg)
Telma-Beta 50 Tablet ER,Telmisartan (40mg) + Metoprolol Succinate (50mg)
Telmade Beta 40mg/50mg Tablet ER,Telmisartan (40mg) + Metoprolol Succinate (50mg)
Telmaxx 50 Tablet ER,Telmisartan (40mg) + Metoprolol Succinate (50mg)
Telmijub Beta 50 Tablet ER,Telmisartan (40mg) + Metoprolol Succinate (50mg)
Telmikind Beta 50 Tablet ER,Telmisartan (40mg) + Metoprolol Succinate (50mg)
Telmikinz-MT 50 Tablet ER,Telmisartan (40mg) + Metoprolol Succinate (50mg)
Telminorm-Bxl 40/50 Tablet ER,Telmisartan (40mg) + Metoprolol Succinate (50mg)
Telmip MT 40mg/50mg Tablet ER,Telmisartan (40mg) + Metoprolol Succinate (50mg)
Telmitip MT 40mg/50mg Tablet ER,Telmisartan (40mg) + Metoprolol Succinate (50mg)
Telpha M 40mg/50mg Tablet ER,Telmisartan (40mg) + Metoprolol Succinate (50mg)
Telsant 40 MXL Tablet,Telmisartan (40mg) + Metoprolol Succinate (50mg)
Telsar Beta 50 Tablet ER,Telmisartan (40mg) + Metoprolol Succinate (50mg)
TELSARTAN ATR TABLET,Telmisartan (40mg) + Atorvastatin (10mg)
Teltek-M 50 Tablet ER,Telmisartan (40mg) + Metoprolol Succinate (50mg)
Teltor AV 40 mg/10 mg Tablet,Telmisartan (40mg) + Atorvastatin (10mg)
Teltoss M 40mg/50mg Tablet ER,Telmisartan (40mg) + Metoprolol Succinate (50mg)
Telvas Beta 50 Tablet ER,Telmisartan (40mg) + Metoprolol Succinate (50mg)
Telwave M 40mg/50mg Tablet ER,Telmisartan (40mg) + Metoprolol Succinate (50mg)
Telzox M 40mg/50mg Tablet ER,Telmisartan (40mg) + Metoprolol Succinate (50mg)
Temsan CV 40mg Tablet,Telmisartan (40mg) + Atorvastatin (10mg)
Tenochek Tablet,Amlodipine (5mg) + Atenolol (50mg)
Tenolol-AM 50 Tablet,Amlodipine (5mg) + Atenolol (50mg)
Tensicard AM 5 mg/50 mg Tablet,Amlodipine (5mg) + Atenolol (50mg)
Tesarto-A 40mg/10mg Tablet,Telmisartan (40mg) + Atorvastatin (10mg)
Tetan AV 40mg/10mg Tablet,Telmisartan (40mg) + Atorvastatin (10mg)
Tetan Beta 50 Tablet ER,Telmisartan (40mg) + Metoprolol Succinate (50mg)
Theocard AM Tablet,Amlodipine (5mg) + Atenolol (50mg)
TONACT TM TABLET,Telmisartan (40mg) + Atorvastatin (10mg)
Tor Plus 50mg/10mg Tablet,Spironolactone (50mg) + Torasemide (10mg)
Torget Plus 10 Tablet,Spironolactone (50mg) + Torasemide (10mg)
Toriflow S 50mg/10mg Tablet,Spironolactone (50mg) + Torasemide (10mg)
Torkid Plus 50mg/10mg Tablet,Spironolactone (50mg) + Torasemide (10mg)
Tormax Plus 50mg/10mg Tablet,Spironolactone (50mg) + Torasemide (10mg)
Tormay-S Tablet,Spironolactone (50mg) + Torasemide (10mg)
Tornova Plus 50mg/10mg Tablet,Spironolactone (50mg) + Torasemide (10mg)
Torsenita Plus 50mg/10mg Tablet,Spironolactone (50mg) + Torasemide (10mg)
Torsid Plus 10/50 Tablet,Spironolactone (50mg) + Torasemide (10mg)
Torsimid-S 50mg/10mg Tablet,Spironolactone (50mg) + Torasemide (10mg)
Torsinex Forte 10 Tablet,Spironolactone (50mg) + Torasemide (10mg)
Torsinol Plus 50mg/10mg Tablet,Spironolactone (50mg) + Torasemide (10mg)
Torspec Plus 50mg/10mg Tablet,Spironolactone (50mg) + Torasemide (10mg)
Torutic-Plus Tablet,Spironolactone (50mg) + Torasemide (10mg)
Torzest Plus 50mg/10mg Tablet,Spironolactone (50mg) + Torasemide (10mg)
Triplixam 4mg/1.25mg/5mg Tablet,Perindopril erbumine (4mg) + Indapamide (1.25mg) + Amlodipine (5mg)
Tyuric Plus 50mg/10mg Tablet,Spironolactone (50mg) + Torasemide (10mg)
Urvistat-T Tablet,Telmisartan (40mg) + Atorvastatin (10mg)
Valsac 50 Tablet,Sacubitril (24mg) + Valsartan (26mg)
Vasogard AT 5 mg/50 mg Tablet,Amlodipine (5mg) + Atenolol (50mg)
Venpres-M 50 Tablet ER,Telmisartan (40mg) + Metoprolol Succinate (50mg)
Vintel-M 50 Tablet ER,Telmisartan (40mg) + Metoprolol Succinate (50mg)
Vitatelmet Tablet ER,Telmisartan (40mg) + Metoprolol Succinate (50mg)
Vitator SP Tablet,Spironolactone (50mg) + Torasemide (10mg)
Vymada 50mg Tablet,Sacubitril (24mg) + Valsartan (26mg)
Welartan-M 50 Tablet ER,Telmisartan (40mg) + Metoprolol Succinate (50mg)
Xstan Beta 50 Tablet ER,Telmisartan (40mg) + Metoprolol Succinate (50mg)
Zator Plus 50 mg/10 mg Tablet,Spironolactone (50mg) + Torasemide (10mg)
Zayo 50 Tablet,Sacubitril (24mg) + Valsartan (26mg)
Zemlo A 5mg/50mg Tablet,Amlodipine (5mg) + Atenolol (50mg)
Lexanox Plus Oral Paste Sugar Free,Amlexanox (50mg)
Lexanox Oral Paste,Amlexanox (50mg)
Sacctik Plus Oral Suspension (5ml Each),Bacillus Clausii (2Billion Spores)
Digigut-BC Oral Suspension (5ml Each),Bacillus Clausii (2Billion Spores)
Normaxin RT Tablet,Chlordiazepoxide (5mg) + Clidinium (2.5mg) + Dicyclomine (10mg) + Rabeprazole (10mg)
Idometrol Tablet,Di-iodohydroxyquinoline (300mg)
Dicyclomine (20mg) + Paracetamol (500mg),Dicyclomine (10mg) + Paracetamol (325mg) + Tramadol (50mg)
Spaspokran Capsule,Dicyclomine (10mg) + Paracetamol (325mg) + Tramadol (50mg)
Cycloprox 10mg/325mg/50mg Capsule,Dicyclomine (10mg) + Paracetamol (325mg) + Tramadol (50mg)
Winspasmo Forte 10mg/325mg/50mg Capsule,Dicyclomine (10mg) + Paracetamol (325mg) + Tramadol (50mg)
Spasmonil 20mg/325mg Tablet,Dicyclomine (20mg) + Paracetamol (325mg)
Avspas Plus 20mg/325mg Tablet,Dicyclomine (20mg) + Paracetamol (325mg)
Trigan D Tablet,Dicyclomine (20mg) + Paracetamol (325mg)
Sumo L Spas Tablet,Dicyclomine (20mg) + Paracetamol (325mg)
Acispas 20mg/325mg Tablet,Dicyclomine (20mg) + Paracetamol (325mg)
Cyclo Plus Tablet,Dicyclomine (20mg) + Paracetamol (325mg)
Glenpar Spas Tablet,Dicyclomine (20mg) + Paracetamol (325mg)
Spasmorid 20mg/325mg Tablet,Dicyclomine (20mg) + Paracetamol (325mg)
Byspas 20mg/325mg Tablet,Dicyclomine (20mg) + Paracetamol (325mg)
Zespaz 20mg/325mg Tablet,Dicyclomine (20mg) + Paracetamol (325mg)
Axiflam 20mg/325mg Tablet,Dicyclomine (20mg) + Paracetamol (325mg)
De-Spas 20mg/325mg Tablet,Dicyclomine (20mg) + Paracetamol (325mg)
Elspas-Plus Tablet,Dicyclomine (20mg) + Paracetamol (325mg)
Nuslog P 20mg/325mg Tablet,Dicyclomine (20mg) + Paracetamol (325mg)
Bestopas 20mg/325mg Tablet,Dicyclomine (20mg) + Paracetamol (325mg)
Cespas 20mg/325mg Tablet,Dicyclomine (20mg) + Paracetamol (325mg)
Cyclopam Tablet,Dicyclomine (20mg) + Paracetamol (500mg)
Colimex Tablet,Dicyclomine (20mg) + Paracetamol (500mg)
Baralgan NU Tablet,Dicyclomine (20mg) + Paracetamol (500mg)
Colif 20 mg/500 mg Tablet,Dicyclomine (20mg) + Paracetamol (500mg)
Cyclotas 20mg/500mg Tablet,Dicyclomine (20mg) + Paracetamol (500mg)
Endospaz 20 mg/500 mg Tablet,Dicyclomine (20mg) + Paracetamol (500mg)
Spasmokop 20 mg/500 mg Tablet,Dicyclomine (20mg) + Paracetamol (500mg)
Nucyclo 20mg/500mg Tablet,Dicyclomine (20mg) + Paracetamol (500mg)
Rohispas 20mg/500mg Tablet,Dicyclomine (20mg) + Paracetamol (500mg)
Laxospas Tablet,Dicyclomine (20mg) + Paracetamol (500mg)
Fre-Col 20mg/500mg Tablet,Dicyclomine (20mg) + Paracetamol (500mg)
Spaswel 20mg/500mg Tablet,Dicyclomine (20mg) + Paracetamol (500mg)
Colisun 20mg/500mg Tablet,Dicyclomine (20mg) + Paracetamol (500mg)
Baxspas 20mg/500mg Tablet,Dicyclomine (20mg) + Paracetamol (500mg)
Ortispasm 20mg/500mg Tablet,Dicyclomine (20mg) + Paracetamol (500mg)
Dicdic-P Tablet,Dicyclomine (20mg) + Paracetamol (500mg)
Amicline Tablet,Diloxanide (500mg)
Mobitide 500mg Tablet,Diloxanide (500mg)
Sporolab Tablet,Lactobacillus (120Million spores)
Alacforte 120Million spores Tablet,Lactobacillus (120Million spores)
Darolac Sachet,Lactobacillus (2.5Billion cells)
Lac Syrup,Lactobacillus (40Million spores)
ProGG Sachet,Lactobacillus (5Billion cells)
Lexicom 60Million cells Capsule,Lactobacillus (60Million cells)
Lac Tablet,Lactobacillus (60Million spores)
Suzilac Tablet,Lactobacillus (60Million spores)
Remolac Tablet,Lactobacillus (60Million spores)
Ocillus Tablet,Lactobacillus (60Million spores)
Donlac DS Tablet,Lactobacillus Sporogenes (120Million spores)
Prolac Tablet,Lactobacillus Sporogenes (60Million spores)
Lactopic Tablet,Lactobacillus Sporogenes (60Million spores)
Donlac Tablet,Lactobacillus Sporogenes (60Million spores)
Ranidom-MPS Oral Suspension Cardamom Sugar Free,Magaldrate (400mg/5ml) + Simethicone (60mg/5ml)
Gasostar Oral Suspension,Magaldrate (400mg/5ml) + Simethicone (60mg/5ml)
Maglen -Mps Oral Suspension Sugar Free,Magaldrate (400mg/5ml) + Simethicone (60mg/5ml)
Octocid Oral Suspension Mint Sugar Free,Magaldrate (400mg/5ml) + Simethicone (60mg/5ml)
Simjest Oral Suspension Sugar Free,Magaldrate (400mg/5ml) + Simethicone (60mg/5ml)
Ancifoc Oral Suspension Sugar Free,Magaldrate (400mg/5ml) + Simethicone (60mg/5ml)
Macbate Oral Suspension Mint Sugar Free,Magaldrate (540mg/5ml) + Simethicone (50mg/5ml) + Oxetacaine (10mg/5ml)
Betacid Oxe Oral Suspension,Magaldrate (540mg/5ml) + Simethicone (50mg/5ml) + Oxetacaine (10mg/5ml)
Healacid-O Oral Suspension Refreshing-Tangy Sugar Free,Magaldrate (540mg/5ml) + Simethicone (50mg/5ml) + Oxetacaine (10mg/5ml)
Nutragel IR Oral Suspension,Magaldrate (540mg/5ml) + Simethicone (50mg/5ml) + Oxetacaine (10mg/5ml)
Nizcaine Gel Orange Sugar Free,Magaldrate (540mg/5ml) + Simethicone (50mg/5ml) + Oxetacaine (10mg/5ml)
Ranispas NF 10mg/10mg Tablet,Omeprazole (10mg) + Dicyclomine (10mg)
Renol 10 mg/10 mg Tablet,Omeprazole (10mg) + Dicyclomine (10mg)
Ziomi DX 10mg/10mg Tablet,Omeprazole (10mg) + Dicyclomine (10mg)
Odic 10mg/10mg Tablet,Omeprazole (10mg) + Dicyclomine (10mg)
Xenspas 10mg/10mg Tablet,Omeprazole (10mg) + Dicyclomine (10mg)
Cool Zone-Spas Tablet,Omeprazole (10mg) + Dicyclomine (10mg)
HP Kit,Omeprazole (20mg) + Tinidazole (500mg) + Amoxycillin (750mg)
Tripcut Kit,Omeprazole (20mg) + Tinidazole (500mg) + Amoxycillin (750mg)
Helikit 20mg/500mg/750mg Kit,Omeprazole (20mg) + Tinidazole (500mg) + Amoxycillin (750mg)
Omoxitin Kit,Omeprazole (20mg) + Tinidazole (500mg) + Amoxycillin (750mg)
Ulcikit 20mg/500mg/750mg Kit,Omeprazole (20mg) + Tinidazole (500mg) + Amoxycillin (750mg)
Omepraz HP 20mg/500mg/750mg Kit,Omeprazole (20mg) + Tinidazole (500mg) + Amoxycillin (750mg)
Ondem -MD 4 Tablet,Ondansetron (4mg)
Testydan 4mg Tablet MD,Ondansetron (4mg)
Periset MD Tablet,Ondansetron (4mg)
Emeton MD 4 Tablet,Ondansetron (4mg)
Ondy-MD Tablet,Ondansetron (4mg)
Odanse 4mg Tablet MD,Ondansetron (4mg)
Ozotron 4mg Tablet MD,Ondansetron (4mg)
Ondewar 4mg Tablet MD,Ondansetron (4mg)
Honda 4mg Tablet MD,Ondansetron (4mg)
Ometic 4mg Tablet MD,Ondansetron (4mg)
Speronden 4mg Tablet MD,Ondansetron (4mg)
Emekule 4mg Tablet MD,Ondansetron (4mg)
4 ON 4mg Tablet MD,Ondansetron (4mg)
Ondoray 4mg Tablet MD,Ondansetron (4mg)
Vomilac 4mg Tablet MD,Ondansetron (4mg)
Munset 4mg Tablet MD,Ondansetron (4mg)
Ventto 4mg Tablet MD,Ondansetron (4mg)
Onstir 4mg Tablet MD,Ondansetron (4mg)
Kartron 4mg Tablet MD,Ondansetron (4mg)
Emicid 4 Tablet MD,Ondansetron (4mg)
Andoset-MD Tablet,Ondansetron (4mg)
Vominta-MD4 Tablet,Ondansetron (4mg)
Emron-MD Tablet,Ondansetron (4mg)
Onris 4mg Tablet MD,Ondansetron (4mg)
Mucaine Gel Mint Sugar Free,Oxetacaine (10mg/5ml) + Aluminium Hydroxide (0.291gm/5ml) + Milk Of Magnesia (98mg/5ml)
Maglicain Oral Gel,Oxetacaine (10mg/5ml) + Aluminium Hydroxide (0.291gm/5ml) + Milk Of Magnesia (98mg/5ml)
Azomag-O Oral Gel Sugar Free,Oxetacaine (10mg/5ml) + Aluminium Hydroxide (0.291gm/5ml) + Milk Of Magnesia (98mg/5ml)
Mucaine Oral Gel American Ice Cream Sugar Free,Oxetacaine (10mg/5ml) + Aluminium Hydroxide (0.291gm/5ml) + Milk Of Magnesia (98mg/5ml)
Mucaine Gel Orange,Oxetacaine (10mg/5ml) + Aluminium Hydroxide (0.291gm/5ml) + Milk Of Magnesia (98mg/5ml)
Solacid-O Suspension Sugar Free,Oxetacaine (10mg/5ml) + Aluminium Hydroxide (300mg/5ml) + Magnesium Trisilicate (150mg/5ml) + Milk Of Magnesia (100mg/5ml) + Simethicone (25mg/5ml)
Racigyl O 100mg/200mg Tablet,Racecadotril (100mg) + Ofloxacin (200mg)
Enuff 10mg Tablet DT,Racecadotril (10mg)
Zedott 10 DT Tablet,Racecadotril (10mg)
Racedot 10mg Powder,Racecadotril (10mg)
Lee Dott Oral Powder,Racecadotril (10mg)
Racy 10mg Sachet,Racecadotril (10mg)
Hydral 10mg Sachet,Racecadotril (10mg)
Enuff Extra Sachet,Racecadotril (10mg) + Saccharomyces boulardii (2.5Billion CFU) + Lactobacillus (100Million spores)
Sacrolyte Plus Sachet,Racecadotril (10mg) + Saccharomyces boulardii (2.5Billion CFU) + Lactobacillus (100Million spores)
DD Norm Sachet,Racecadotril (10mg) + Saccharomyces boulardii (2.5Billion CFU) + Lactobacillus (100Million spores)
Loo Chek Suspension,Racecadotril (10mg/5ml)
Cado Suspension,Racecadotril (10mg/5ml)
Rale Syrup,Racecadotril (10mg/5ml)
Enuff 15mg Powder,Racecadotril (15mg)
Cadotril 15mg Sachet,Racecadotril (15mg)
Racigyl O 15 mg/50 mg Dry Syrup,Racecadotril (15mg) + Ofloxacin (50mg)
Enuff O Dry Syrup,Racecadotril (15mg) + Ofloxacin (50mg)
Oltef RC 15mg/50mg Dry Syrup,Racecadotril (15mg) + Ofloxacin (50mg)
Zedott Plus Powder,Racecadotril (15mg) + Saccharomyces boulardii (141.25mg) + Lactobacillus (100Million cells)
Racigyl SB Powder for Oral Solution,Racecadotril (15mg) + Saccharomyces boulardii (2.5Billion cells)
Biglac-R Sachet,Racecadotril (15mg) + Saccharomyces boulardii (2.5Billion Spores) + Lactobacillus (100Million spores)
Racebase Junior Sachet,Racecadotril (15mg) + Saccharomyces boulardii (282.5mg) + Lactobacillus (100Million cells)
Editor Sachet,Racecadotril (15mg) + Saccharomyces boulardii (40Million cells)
Enuff 30 Sachet,Racecadotril (30mg)
REDOTIL 30 MG SACHET,Racecadotril (30mg)
AD 30mg Tablet DT,Racecadotril (30mg)
Zedott 30 DT Tablet,Racecadotril (30mg)
AD 30mg Sachet,Racecadotril (30mg)
Enuff 30mg Tablet DT,Racecadotril (30mg)
Zedott 100mg Capsule,Racecadotril(100mg)
Race F 100mg Capsule,Racecadotril(100mg)
Racotil 100mg Capsule,Racecadotril(100mg)
Racex 100mg Capsule,Racecadotril(100mg)
Trotz 100mg Capsule,Racecadotril(100mg)
Redotil 100mg Capsule,Racecadotril(100mg)
Enuff Capsule,Racecadotril(100mg)
Lee Dott Capsule,Racecadotril(100mg)
Moredot 100mg Capsule,Racecadotril(100mg)
AD 100mg Capsule,Racecadotril(100mg)
Cadotril 100mg Capsule,Racecadotril(100mg)
Ralop 100mg Capsule,Racecadotril(100mg)
Normet R 100mg Capsule,Racecadotril(100mg)
Hydral 100mg Capsule,Racecadotril(100mg)
Dotril 100mg Capsule,Racecadotril(100mg)
Rasidot 100mg Capsule,Racecadotril(100mg)
Racetril 100mg Capsule,Racecadotril(100mg)
Rontap 100mg Capsule,Racecadotril(100mg)
Dirasec 100mg Capsule,Racecadotril(100mg)
Elspore R 100mg Capsule,Racecadotril(100mg)
Novolac R 100mg Capsule,Racecadotril(100mg)
Hydratil 100mg Capsule,Racecadotril(100mg)
Radovib 100mg Capsule,Racecadotril(100mg)
Rodaril 100mg Capsule,Racecadotril(100mg)
Recadot 100mg Capsule,Racecadotril(100mg)
Raceloc 100mg Capsule,Racecadotril(100mg)
Racestat 100mg Capsule,Racecadotril(100mg)
Racelon 100mg Capsule,Racecadotril(100mg)
R Tril 100mg Capsule,Racecadotril(100mg)
Racet 100mg Capsule,Racecadotril(100mg)
Econorm 250mg Capsule,Saccharomyces boulardii (250mg)
Econorm Capsule,Saccharomyces boulardii (250mg)
Gracilac Sachet,Saccharomyces boulardii (250mg)
Biozora Powder Orange and Vanilla Gluten Free,Saccharomyces boulardii (282.5mg)
Winogut Sachet Orange,Saccharomyces boulardii (282.5mg)
Sacharom Sachet,Saccharomyces boulardii (282.5mg)
Nodosis Tablet,Sodium Bicarbonate (500mg)
Auxisoda Tablet,Sodium Bicarbonate (500mg)
Sobosis EC 500mg Tablet,Sodium Bicarbonate (500mg)
Kesod 500mg Tablet,Sodium Bicarbonate (500mg)
Diosis 500mg Tablet,Sodium Bicarbonate (500mg)
Sodanet 500mg Tablet,Sodium Bicarbonate (500mg)
Sodbic 500mg Tablet,Sodium Bicarbonate (500mg)
Seecarb 500mg Tablet,Sodium Bicarbonate (500mg)
Udosis 500mg Tablet,Sodium Bicarbonate (500mg)
Carbium 500mg Tablet,Sodium Bicarbonate (500mg)
Sodanet Gst 500 Tablet,Sodium Bicarbonate (500mg)
Sobiup 500mg Tablet,Sodium Bicarbonate (500mg)
Sobisis EC 500 Tablet,Sodium Bicarbonate (500mg)
Nabico 3 Tablet,Sodium Bicarbonate (500mg)
Acidose 500mg Tablet,Sodium Bicarbonate (500mg)
Nodosis GST Tablet,Sodium Bicarbonate (500mg)
Sucral Suspension,Sucralfate (1000mg)
Ulcoat 1000mg Oral Suspension,Sucralfate (1000mg)
Mucocoat Suspension Sugar Free,Sucralfate (1000mg)
Sucracare 1000mg Oral Suspension,Sucralfate (1000mg)
Gofate O 1000mg Oral Suspension,Sucralfate (1000mg)
Kastcid S 1000mg Oral Suspension,Sucralfate (1000mg)
Magalcid-S Oral Suspension,Sucralfate (1000mg)
Sucradel 1000mg Oral Suspension,Sucralfate (1000mg)
Sucromaxx 1000mg Oral Suspension,Sucralfate (1000mg)
Sucranova 1000mg Oral Suspension,Sucralfate (1000mg)
Walcain 1000mg Oral Suspension,Sucralfate (1000mg)
Sucracon 1000mg Oral Suspension,Sucralfate (1000mg)
Sucraton 1000mg Oral Suspension,Sucralfate (1000mg)
Sucra Relcer 1000mg Oral Suspension,Sucralfate (1000mg)
Dsucra 1000mg Oral Suspension,Sucralfate (1000mg)
Sucid 1000mg Oral Suspension,Sucralfate (1000mg)
Ryfate 1000mg Oral Suspension,Sucralfate (1000mg)
Zetagel 1000mg Oral Suspension,Sucralfate (1000mg)
Fatewel 1000mg Oral Suspension Sugar Free,Sucralfate (1000mg)
Zifate Oral Suspension,Sucralfate (1000mg)
Oxfact Oral Suspension,Sucralfate (1000mg)
Suco-Fast Oral Suspension,Sucralfate (1000mg)
Ralocral Oral Suspension,Sucralfate (1000mg)
Sukraget 1000mg Oral Suspension,Sucralfate (1000mg)
Sucragel 1000mg Oral Suspension,Sucralfate (1000mg)
Sofit 1000mg Oral Suspension,Sucralfate (1000mg)
Vrisucra 1000mg Oral Suspension,Sucralfate (1000mg)
Sucotia 1000mg Oral Suspension,Sucralfate (1000mg)
Sparacid Syrup,Sucralfate (500mg/5ml)
Yomfate Syrup,Sucralfate (500mg/5ml)
Lebral 500mg Syrup,Sucralfate (500mg/5ml)
Pepsigard Junior 500mg/5ml Syrup,Sucralfate (500mg/5ml)
Sucracid 500mg/5ml Syrup,Sucralfate (500mg/5ml)
Sucrafil O Gel Sugar Free,Sucralfate (500mg/5ml) + Oxetacaine (10mg/5ml)
S Cool Suspension,Sucralfate (500mg/5ml) + Oxetacaine (10mg/5ml)
Sucralcoat O Suspension,Sucralfate (500mg/5ml) + Oxetacaine (10mg/5ml)
